Workbook

Sheet Cstoumer Names
A1: Customer ID | B1: name
A2: Id1 | B2: Hawks, | C2: Ms. | D2: Kelly
A3: Id2 | B3: Lehner, | C3: Mr. | D3: Matthew | E3: D
A4: Id3 | B4: Lu, | C4: Mr. | D4: Phil
A5: Id4 | B5: Osborne, | C5: Ms. | D5: Kelsey
A6: Id5 | B6: Kadala, | C6: Ms. | D6: Kristyn
A7: Id6 | B7: Baker, | C7: Mr. | D7: Russell | E7: B.
A8: Id7 | B8: Macpherson, | C8: Mr. | D8: Scott
A9: Id8 | B9: Hallman, | C9: Mr. | D9: Stephen
A10: Id9 | B10: Moran, | C10: Mr. | D10: Patrick | E10: R.
A11: Id10 | B11: Benner, | C11: Ms. | D11: Brooke | E11: N.
A12: Id11 | B12: Fierro | C12: Vargas, | D12: Ms. | E12: Paola | F12: Andrea
A13: Id12 | B13: Franz, | C13: Mr. | D13: David
A14: Id13 | B14: Foster, | C14: Mr. | D14: Wade
A15: Id14 | B15: Tenorio, | C15: Mr. | D15: Franklin
A16: Id15 | B16: Rios, | C16: Ms. | D16: Leilani | E16: M.
A17: Id16 | B17: Viau-Dupuis, | C17: Mr. | D17: Philippe
A18: Id17 | B18: Cronin, | C18: Ms. | D18: Jennifer | E18: A.
A19: Id18 | B19: Noordstar, | C19: Ms. | D19: Christina | E19: M.
A20: Id19 | B20: Boudalia, | C20: Mr. | D20: Said | E20: Sr.
A21: Id20 | B21: Flor, | C21: Mr. | D21: John
A22: Id21 | B22: Fennon, | C22: Mr. | D22: Myles
A23: Id22 | B23: Hribar, | C23: Ms. | D23: Madelyn | E23: C
A24: Id23 | B24: Tassello, | C24: Ms. | D24: Nicole
A25: Id24 | B25: Mauricette, | C25: Mr. | D25: Eric | E25: A.
A26: Id25 | B26: Garcia, | C26: Mr. | D26: Emiliano | E26: I.
A27: Id26 | B27: Airoldi, | C27: Mr. | D27: Adam
A28: Id27 | B28: Cater-Cyker, | C28: Mr. | D28: Zach
A29: Id28 | B29: Hamm, | C29: Ms. | D29: Stephanie | E29: W.
A30: Id29 | B30: Cox, | C30: Mr. | D30: Stephen
A31: Id30 | B31: Sachrajda, | C31: Ms. | D31: Natalie
A32: Id31 | B32: Gareri, | C32: Ms. | D32: Nicole | E32: J.
A33: Id32 | B33: Welch, | C33: Mr. | D33: Jefferson | E33: D
A34: Id33 | B34: Prindiville, | C34: Mr. | D34: Brendan | E34: D.
A35: Id34 | B35: Kincaid, | C35: Ms. | D35: Courtney
A36: Id35 | B36: Bruestle, | C36: Ms. | D36: Sydney | E36: L.
A37: Id36 | B37: Lachance, | C37: Mr. | D37: Julien
A38: Id37 | B38: Eason, | C38: Mr. | D38: Ryan | E38: M
A39: Id38 | B39: Grummon, | C39: Ms. | D39: Anna | E39: H.
A40: Id39 | B40: Vanwechel, | C40: Ms. | D40: Samantha
A41: Id40 | B41: Fisher, | C41: Mr. | D41: Robert
A42: Id41 | B42: Jenkins, | C42: Mr. | D42: James | E42: R.
A43: Id42 | B43: Peters, | C43: Ms. | D43: Roseann
A44: Id43 | B44: Aha, | C44: Ms. | D44: Nicole
A45: Id44 | B45: McElwain, | C45: Mr. | D45: Spencer
A46: Id45 | B46: Januszewski, | C46: Mr. | D46: Eric | E46: W
A47: Id46 | B47: Rohne, | C47: Ms. | D47: Brianna | E47: L
A48: Id47 | B48: O'Grady, | C48: Mr. | D48: Thomas | E48: J.
A49: Id48 | B49: Peters, | C49: Ms. | D49: Melissa | E49: L
A50: Id49 | B50: De | C50: Simone, | D50: Mr. | E50: Flavio
A51: Id50 | B51: Beckett, | C51: Mr. | D51: Ryan
A52: Id51 | B52: Sobrilsky, | C52: Mr. | D52: Anthony | E52: J.
A53: Id52 | B53: Wang, | C53: Ms. | D53: Alex
A54: Id53 | B54: Campa, | C54: Mr. | D54: David
A55: Id54 | B55: Clifford, | C55: Mr. | D55: Andrew | E55: B
A56: Id55 | B56: Dalmata, | C56: Ms. | D56: Dara | E56: E
A57: Id56 | B57: Vishik, | C57: Ms. | D57: Inna
A58: Id57 | B58: Schorr, | C58: Mr. | D58: Ari
A59: Id58 | B59: Lusardi, | C59: Ms. | D59: Lindsey
A60: Id59 | B60: Rayner, | C60: Mr. | D60: Kenny
A61: Id60 | B61: Voghel, | C61: Ms. | D61: Louise
A62: Id61 | B62: Rieth, | C62: Mr. | D62: Cameron
A63: Id62 | B63: Gollotto, | C63: Ms. | D63: Katie | E63: T.
A64: Id63 | B64: Dunn, | C64: Ms. | D64: Casey
A65: Id64 | B65: Blitzer, | C65: Mr. | D65: David
A66: Id65 | B66: Smith, | C66: Mr. | D66: Bryson | E66: C.
A67: Id66 | B67: Hyland, | C67: Ms. | D67: Megan
A68: Id67 | B68: Ducharme, | C68: Mr. | D68: Daniel
A69: Id68 | B69: Johnson, | C69: Mr. | D69: Steven | E69: M.
A70: Id69 | B70: Mutz, | C70: Ms. | D70: Jenna | E70: L.
A71: Id70 | B71: Lee, | C71: Mr. | D71: Freeman
A72: Id71 | B72: Turner, | C72: Mr. | D72: Jeff
A73: Id72 | B73: Rangel, | C73: Mr. | D73: Elenilton | E73: V. | F73: Sr.
A74: Id73 | B74: Lacey, | C74: Ms. | D74: Maurya
A75: Id74 | B75: Stiger, | C75: Ms. | D75: Samantha | E75: C
A76: Id75 | B76: Caldwell, | C76: Ms. | D76: Bethany | E76: A
A77: Id76 | B77: Marmillod, | C77: Mr. | D77: Yves
A78: Id77 | B78: Cloutier-Simons, | C78: Ms. | D78: Danielle
A79: Id78 | B79: Vegas, | C79: Ms. | D79: Julia
A80: Id79 | B80: Cochran, | C80: Mr. | D80: Joshua
A81: Id80 | B81: Holtzapple, | C81: Ms. | D81: Jennifer
A82: Id81 | B82: Meyer, | C82: Ms. | D82: Gwen | E82: M.
A83: Id82 | B83: Brickley, | C83: Mr. | D83: Patrick
A84: Id83 | B84: Magee, | C84: Ms. | D84: Kate
A85: Id84 | B85: Thoma, | C85: Mr. | D85: Kevin
A86: Id85 | B86: Heagy, | C86: Mr. | D86: Stephen | E86: II
A87: Id86 | B87: Regnier, | C87: Mr. | D87: Philip
A88: Id87 | B88: Parendo, | C88: Mr. | D88: Brett | E88: A
A89: Id88 | B89: Schell, | C89: Ms. | D89: Rebecca
A90: Id89 | B90: Driscoll, | C90: Ms. | D90: Kelley
A91: Id90 | B91: Mitchell, | C91: Ms. | D91: Abigail | E91: K
A92: Id91 | B92: Cutler, | C92: Ms. | D92: Hope
A93: Id92 | B93: Derian, | C93: Ms. | D93: Elyse | E93: M.
A94: Id93 | B94: Farina, | C94: Mr. | D94: Nicholas
A95: Id94 | B95: Saunders, | C95: Mr. | D95: David
A96: Id95 | B96: Kratz, | C96: Ms. | D96: Natalie
A97: Id96 | B97: Boland, | C97: Mr. | D97: Thomas
A98: Id97 | B98: Van | C98: Hout, | D98: Ms. | E98: Pamela | F98: J.
A99: Id98 | B99: Ramsey, | C99: Ms. | D99: Jessica
A100: Id99 | B100: Gage, | C100: Mr. | D100: Ron | E100: N
...

Sheet Medical Examination
A1: Customer ID | B1: BMI | C1: HBA1C | D1: Heart Issues | E1: Any Transplants | F1: Cancer history | G1: NumberOfMajorSurgeries | H1: smoker | I1: BMI | J1: HBA1C
A2: Id1 | B2: 47.41 | C2: 7.47 | D2: No | E2: No | F2: No | G2: 0 | H2: Yes | I2: =IF(B2<18.5,"Under Weight",IF(B2<25,"Normal Weight",IF(B2<30,"Over weight","Obesity"))) -> Obesity | J2: =IF(C2<5.7,"Normal",IF(C2<6.5,"Prediabetes","Diabetes")) -> Diabetes
A3: Id2 | B3: 30.36 | C3: 5.77 | D3: No | E3: No | F3: No | G3: 0 | H3: Yes | I3: =IF(B3<18.5,"Under Weight",IF(B3<25,"Normal Weight",IF(B3<30,"Over weight","Obesity"))) -> Obesity | J3: =IF(C3<5.7,"Normal",IF(C3<6.5,"Prediabetes","Diabetes")) -> Prediabetes
A4: Id3 | B4: 34.485 | C4: 11.87 | D4: Yes | E4: No | F4: No | G4: 1 | H4: Yes | I4: =IF(B4<18.5,"Under Weight",IF(B4<25,"Normal Weight",IF(B4<30,"Over weight","Obesity"))) -> Obesity | J4: =IF(C4<5.7,"Normal",IF(C4<6.5,"Prediabetes","Diabetes")) -> Diabetes
A5: Id4 | B5: 38.095 | C5: 6.05 | D5: No | E5: No | F5: No | G5: 0 | H5: Yes | I5: =IF(B5<18.5,"Under Weight",IF(B5<25,"Normal Weight",IF(B5<30,"Over weight","Obesity"))) -> Obesity | J5: =IF(C5<5.7,"Normal",IF(C5<6.5,"Prediabetes","Diabetes")) -> Prediabetes
A6: Id5 | B6: 35.53 | C6: 5.45 | D6: No | E6: No | F6: No | G6: 0 | H6: Yes | I6: =IF(B6<18.5,"Under Weight",IF(B6<25,"Normal Weight",IF(B6<30,"Over weight","Obesity"))) -> Obesity | J6: =IF(C6<5.7,"Normal",IF(C6<6.5,"Prediabetes","Diabetes")) -> Normal
A7: Id6 | B7: 32.8 | C7: 6.59 | D7: No | E7: No | F7: No | G7: 0 | H7: Yes | I7: =IF(B7<18.5,"Under Weight",IF(B7<25,"Normal Weight",IF(B7<30,"Over weight","Obesity"))) -> Obesity | J7: =IF(C7<5.7,"Normal",IF(C7<6.5,"Prediabetes","Diabetes")) -> Diabetes
A8: Id7 | B8: 36.4 | C8: 6.07 | D8: No | E8: No | F8: No | G8: 0 | H8: Yes | I8: =IF(B8<18.5,"Under Weight",IF(B8<25,"Normal Weight",IF(B8<30,"Over weight","Obesity"))) -> Obesity | J8: =IF(C8<5.7,"Normal",IF(C8<6.5,"Prediabetes","Diabetes")) -> Prediabetes
A9: Id8 | B9: 36.96 | C9: 7.93 | D9: No | E9: No | F9: No | G9: 1 | H9: Yes | I9: =IF(B9<18.5,"Under Weight",IF(B9<25,"Normal Weight",IF(B9<30,"Over weight","Obesity"))) -> Obesity | J9: =IF(C9<5.7,"Normal",IF(C9<6.5,"Prediabetes","Diabetes")) -> Diabetes
A10: Id9 | B10: 41.14 | C10: 9.58 | D10: Yes | E10: No | F10: Yes | G10: 1 | H10: Yes | I10: =IF(B10<18.5,"Under Weight",IF(B10<25,"Normal Weight",IF(B10<30,"Over weight","Obesity"))) -> Obesity | J10: =IF(C10<5.7,"Normal",IF(C10<6.5,"Prediabetes","Diabetes")) -> Diabetes
A11: Id10 | B11: 38.06 | C11: 10.79 | D11: No | E11: No | F11: No | G11: 0 | H11: Yes | I11: =IF(B11<18.5,"Under Weight",IF(B11<25,"Normal Weight",IF(B11<30,"Over weight","Obesity"))) -> Obesity | J11: =IF(C11<5.7,"Normal",IF(C11<6.5,"Prediabetes","Diabetes")) -> Diabetes
A12: Id11 | B12: 37.7 | C12: 5.96 | D12: Yes | E12: No | F12: No | G12: 1 | H12: Yes | I12: =IF(B12<18.5,"Under Weight",IF(B12<25,"Normal Weight",IF(B12<30,"Over weight","Obesity"))) -> Obesity | J12: =IF(C12<5.7,"Normal",IF(C12<6.5,"Prediabetes","Diabetes")) -> Prediabetes
A13: Id12 | B13: 42.13 | C13: 11.9 | D13: No | E13: No | F13: No | G13: 0 | H13: Yes | I13: =IF(B13<18.5,"Under Weight",IF(B13<25,"Normal Weight",IF(B13<30,"Over weight","Obesity"))) -> Obesity | J13: =IF(C13<5.7,"Normal",IF(C13<6.5,"Prediabetes","Diabetes")) -> Diabetes
... A101: Id100 | B101: 48.2 | C101: 4.84 | D101: No | E101: No | F101: No | G101: 0 | H101: Yes | I101: =IF(B101<18.5,"Under Weight",IF(B101<25,"Normal Weight",IF(B101<30,"Over weight","Obesity"))) -> Obesity | J101: =IF(C101<5.7,"Normal",IF(C101<6.5,"Prediabetes","Diabetes")) -> Normal
A102: Id101 | B102: 35.75 | C102: Yes | D102: Yes | E102: No | F102: No | G102: 0 | H102: Yes | I102: =IF(B102<18.5,"Under Weight",IF(B102<25,"Normal Weight",IF(B102<30,"Over weight","Obesity"))) -> Obesity | J102: =IF(C102<5.7,"Normal",IF(C102<6.5,"Prediabetes","Diabetes")) -> Diabetes
A103: Id102 | B103: 53.81 | C103: 8.77 | D103: Yes | E103: No | F103: No | G103: 0 | H103: Yes | I103: =IF(B103<18.5,"Under Weight",IF(B103<25,"Normal Weight",IF(B103<30,"Over weight","Obesity"))) -> Obesity | J103: =IF(C103<5.7,"Normal",IF(C103<6.5,"Prediabetes","Diabetes")) -> Diabetes
A104: Id103 | B104: 49.48 | C104: 4.96 | D104: No | E104: No | F104: Yes | G104: 1 | H104: Yes | I104: =IF(B104<18.5,"Under Weight",IF(B104<25,"Normal Weight",IF(B104<30,"Over weight","Obesity"))) -> Obesity | J104: =IF(C104<5.7,"Normal",IF(C104<6.5,"Prediabetes","Diabetes")) -> Normal
A105: Id104 | B105: 34.1 | C105: 4.43 | D105: Yes | E105: No | F105: No | G105: 0 | H105: Yes | I105: =IF(B105<18.5,"Under Weight",IF(B105<25,"Normal Weight",IF(B105<30,"Over weight","Obesity"))) -> Obesity | J105: =IF(C105<5.7,"Normal",IF(C105<6.5,"Prediabetes","Diabetes")) -> Normal
A106: Id105 | B106: 35.3 | C106: 5.82 | D106: Yes | E106: No | F106: Yes | G106: 1 | H106: Yes | I106: =IF(B106<18.5,"Under Weight",IF(B106<25,"Normal Weight",IF(B106<30,"Over weight","Obesity"))) -> Obesity | J106: =IF(C106<5.7,"Normal",IF(C106<6.5,"Prediabetes","Diabetes")) -> Prediabetes
A107: Id106 | B107: 43.83 | C107: 6.03 | D107: Yes | E107: No | F107: No | G107: 1 | H107: Yes | I107: =IF(B107<18.5,"Under Weight",IF(B107<25,"Normal Weight",IF(B107<30,"Over weight","Obesity"))) -> Obesity | J107: =IF(C107<5.7,"Normal",IF(C107<6.5,"Prediabetes","Diabetes")) -> Prediabetes
A108: Id107 | B108: 50.07 | C108: 9.27 | D108: No | E108: No | F108: No | G108: 0 | H108: Yes | I108: =IF(B108<18.5,"Under Weight",IF(B108<25,"Normal Weight",IF(B108<30,"Over weight","Obesity"))) -> Obesity | J108: =IF(C108<5.7,"Normal",IF(C108<6.5,"Prediabetes","Diabetes")) -> Diabetes
A109: Id108 | B109: 32.775 | C109: 5.53 | D109: No | E109: No | F109: No | G109: 0 | H109: Yes | I109: =IF(B109<18.5,"Under Weight",IF(B109<25,"Normal Weight",IF(B109<30,"Over weight","Obesity"))) -> Obesity | J109: =IF(C109<5.7,"Normal",IF(C109<6.5,"Prediabetes","Diabetes")) -> Normal
A110: Id109 | B110: 34.105 | C110: 5.07 | D110: No | E110: No | F110: No | G110: 1 | H110: Yes | I110: =IF(B110<18.5,"Under Weight",IF(B110<25,"Normal Weight",IF(B110<30,"Over weight","Obesity"))) -> Obesity | J110: =IF(C110<5.7,"Normal",IF(C110<6.5,"Prediabetes","Diabetes")) -> Normal
A111: Id110 | B111: 48.93 | C111: 11.17 | D111: Yes | E111: No | F111: No | G111: 1 | H111: Yes | I111: =IF(B111<18.5,"Under Weight",IF(B111<25,"Normal Weight",IF(B111<30,"Over weight","Obesity"))) -> Obesity | J111: =IF(C111<5.7,"Normal",IF(C111<6.5,"Prediabetes","Diabetes")) -> Diabetes
A112: Id111 | B112: 37.07 | C112: 6.14 | D112: Yes | E112: No | F112: No | G112: 0 | H112: Yes | I112: =IF(B112<18.5,"Under Weight",IF(B112<25,"Normal Weight",IF(B112<30,"Over weight","Obesity"))) -> Obesity | J112: =IF(C112<5.7,"Normal",IF(C112<6.5,"Prediabetes","Diabetes")) -> Prediabetes
A113: Id112 | B113: 51.51 | C113: 6.26 | D113: Yes | E113: No | F113: Yes | G113: 1 | H113: Yes | I113: =IF(B113<18.5,"Under Weight",IF(B113<25,"Normal Weight",IF(B113<30,"Over weight","Obesity"))) -> Obesity | J113: =IF(C113<5.7,"Normal",IF(C113<6.5,"Prediabetes","Diabetes")) -> Prediabetes
A114: Id113 | B114: 34.8 | C114: 4.72 | D114: Yes | E114: No | F114: No | G114: 0 | H114: Yes | I114: =IF(B114<18.5,"Under Weight",IF(B114<25,"Normal Weight",IF(B114<30,"Over weight","Obesity"))) -> Obesity | J114: =IF(C114<5.7,"Normal",IF(C114<6.5,"Prediabetes","Diabetes")) -> Normal
... A167: Id166 | B167: 37.87 | C167: 4.29 | D167: Yes | E167: No | F167: Yes | G167: 1 | H167: Yes | I167: =IF(B167<18.5,"Under Weight",IF(B167<25,"Normal Weight",IF(B167<30,"Over weight","Obesity"))) -> Obesity | J167: =IF(C167<5.7,"Normal",IF(C167<6.5,"Prediabetes","Diabetes")) -> Normal
A168: Id167 | B168: 40.61 | C168: Yes | D168: Yes | E168: No | F168: No | G168: 1 | H168: Yes | I168: =IF(B168<18.5,"Under Weight",IF(B168<25,"Normal Weight",IF(B168<30,"Over weight","Obesity"))) -> Obesity | J168: =IF(C168<5.7,"Normal",IF(C168<6.5,"Prediabetes","Diabetes")) -> Diabetes
A169: Id168 | B169: 30.78 | C169: 4.67 | D169: Yes | E169: No | F169: No | G169: 0 | H169: Yes | I169: =IF(B169<18.5,"Under Weight",IF(B169<25,"Normal Weight",IF(B169<30,"Over weight","Obesity"))) -> Obesity | J169: =IF(C169<5.7,"Normal",IF(C169<6.5,"Prediabetes","Diabetes")) -> Normal
A170: Id169 | B170: 49.49 | C170: 4.5 | D170: No | E170: No | F170: No | G170: 0 | H170: Yes | I170: =IF(B170<18.5,"Under Weight",IF(B170<25,"Normal Weight",IF(B170<30,"Over weight","Obesity"))) -> Obesity | J170: =IF(C170<5.7,"Normal",IF(C170<6.5,"Prediabetes","Diabetes")) -> Normal
A171: Id170 | B171: 37.62 | C171: 6.32 | D171: Yes | E171: yes | F171: No | G171: 1 | H171: Yes | I171: =IF(B171<18.5,"Under Weight",IF(B171<25,"Normal Weight",IF(B171<30,"Over weight","Obesity"))) -> Obesity | J171: =IF(C171<5.7,"Normal",IF(C171<6.5,"Prediabetes","Diabetes")) -> Prediabetes
A172: Id171 | B172: 36.08 | C172: 6.1 | D172: Yes | E172: No | F172: No | G172: 1 | H172: Yes | I172: =IF(B172<18.5,"Under Weight",IF(B172<25,"Normal Weight",IF(B172<30,"Over weight","Obesity"))) -> Obesity | J172: =IF(C172<5.7,"Normal",IF(C172<6.5,"Prediabetes","Diabetes")) -> Prediabetes
A173: Id172 | B173: 33.5 | C173: 5.4 | D173: No | E173: No | F173: No | G173: 0 | H173: Yes | I173: =IF(B173<18.5,"Under Weight",IF(B173<25,"Normal Weight",IF(B173<30,"Over weight","Obesity"))) -> Obesity | J173: =IF(C173<5.7,"Normal",IF(C173<6.5,"Prediabetes","Diabetes")) -> Normal
A174: Id173 | B174: 47.46 | C174: 6.24 | D174: Yes | E174: No | F174: No | G174: 1 | H174: Yes | I174: =IF(B174<18.5,"Under Weight",IF(B174<25,"Normal Weight",IF(B174<30,"Over weight","Obesity"))) -> Obesity | J174: =IF(C174<5.7,"Normal",IF(C174<6.5,"Prediabetes","Diabetes")) -> Prediabetes
A175: Id174 | B175: 49.24 | C175: 4.45 | D175: No | E175: No | F175: No | G175: 0 | H175: Yes | I175: =IF(B175<18.5,"Under Weight",IF(B175<25,"Normal Weight",IF(B175<30,"Over weight","Obesity"))) -> Obesity | J175: =IF(C175<5.7,"Normal",IF(C175<6.5,"Prediabetes","Diabetes")) -> Normal
A176: Id175 | B176: 54.4 | C176: 5.22 | D176: No | E176: No | F176: No | G176: 1 | H176: Yes | I176: =IF(B176<18.5,"Under Weight",IF(B176<25,"Normal Weight",IF(B176<30,"Over weight","Obesity"))) -> Obesity | J176: =IF(C176<5.7,"Normal",IF(C176<6.5,"Prediabetes","Diabetes")) -> Normal
A177: Id176 | B177: 35.53 | C177: 4.61 | D177: No | E177: No | F177: No | G177: 1 | H177: Yes | I177: =IF(B177<18.5,"Under Weight",IF(B177<25,"Normal Weight",IF(B177<30,"Over weight","Obesity"))) -> Obesity | J177: =IF(C177<5.7,"Normal",IF(C177<6.5,"Prediabetes","Diabetes")) -> Normal
A178: Id177 | B178: 39.73 | C178: 6.24 | D178: No | E178: No | F178: No | G178: 0 | H178: Yes | I178: =IF(B178<18.5,"Under Weight",IF(B178<25,"Normal Weight",IF(B178<30,"Over weight","Obesity"))) -> Obesity | J178: =IF(C178<5.7,"Normal",IF(C178<6.5,"Prediabetes","Diabetes")) -> Prediabetes
A179: Id178 | B179: 35.68 | C179: 10.04 | D179: No | E179: No | F179: No | G179: 0 | H179: Yes | I179: =IF(B179<18.5,"Under Weight",IF(B179<25,"Normal Weight",IF(B179<30,"Over weight","Obesity"))) -> Obesity | J179: =IF(C179<5.7,"Normal",IF(C179<6.5,"Prediabetes","Diabetes")) -> Diabetes
A180: Id179 | B180: 48.86 | C180: 6.09 | D180: No | E180: No | F180: No | G180: 0 | H180: Yes | I180: =IF(B180<18.5,"Under Weight",IF(B180<25,"Normal Weight",IF(B180<30,"Over weight","Obesity"))) -> Obesity | J180: =IF(C180<5.7,"Normal",IF(C180<6.5,"Prediabetes","Diabetes")) -> Prediabetes
... A362: Id361 | B362: 36.1 | C362: 11.39 | D362: Yes | E362: No | F362: No | G362: 1 | H362: No | I362: =IF(B362<18.5,"Under Weight",IF(B362<25,"Normal Weight",IF(B362<30,"Over weight","Obesity"))) -> Obesity | J362: =IF(C362<5.7,"Normal",IF(C362<6.5,"Prediabetes","Diabetes")) -> Diabetes
A363: Id362 | B363: 22.77 | C363: Yes | D363: No | E363: No | F363: No | G363: 0 | H363: Yes | I363: =IF(B363<18.5,"Under Weight",IF(B363<25,"Normal Weight",IF(B363<30,"Over weight","Obesity"))) -> Normal Weight | J363: =IF(C363<5.7,"Normal",IF(C363<6.5,"Prediabetes","Diabetes")) -> Diabetes
A364: Id363 | B364: 21.24 | C364: 5.13 | D364: No | E364: No | F364: No | G364: 0 | H364: Yes | I364: =IF(B364<18.5,"Under Weight",IF(B364<25,"Normal Weight",IF(B364<30,"Over weight","Obesity"))) -> Normal Weight | J364: =IF(C364<5.7,"Normal",IF(C364<6.5,"Prediabetes","Diabetes")) -> Normal
A365: Id364 | B365: 17.6 | C365: 5.26 | D365: Yes | E365: No | F365: No | G365: 0 | H365: Yes | I365: =IF(B365<18.5,"Under Weight",IF(B365<25,"Normal Weight",IF(B365<30,"Over weight","Obesity"))) -> Under Weight | J365: =IF(C365<5.7,"Normal",IF(C365<6.5,"Prediabetes","Diabetes")) -> Normal
A366: Id365 | B366: 26.29 | C366: 6.84 | D366: No | E366: No | F366: No | G366: 0 | H366: Yes | I366: =IF(B366<18.5,"Under Weight",IF(B366<25,"Normal Weight",IF(B366<30,"Over weight","Obesity"))) -> Over weight | J366: =IF(C366<5.7,"Normal",IF(C366<6.5,"Prediabetes","Diabetes")) -> Diabetes
A367: Id366 | B367: 35.31 | C367: 9.04 | D367: No | E367: No | F367: No | G367: 0 | H367: No | I367: =IF(B367<18.5,"Under Weight",IF(B367<25,"Normal Weight",IF(B367<30,"Over weight","Obesity"))) -> Obesity | J367: =IF(C367<5.7,"Normal",IF(C367<6.5,"Prediabetes","Diabetes")) -> Diabetes
A368: Id367 | B368: 27.04 | C368: 4.1 | D368: No | E368: No | F368: No | G368: 1 | H368: Yes | I368: =IF(B368<18.5,"Under Weight",IF(B368<25,"Normal Weight",IF(B368<30,"Over weight","Obesity"))) -> Over weight | J368: =IF(C368<5.7,"Normal",IF(C368<6.5,"Prediabetes","Diabetes")) -> Normal
A369: Id368 | B369: 30.23 | C369: 4.23 | D369: Yes | E369: No | F369: Yes | G369: 1 | H369: Yes | I369: =IF(B369<18.5,"Under Weight",IF(B369<25,"Normal Weight",IF(B369<30,"Over weight","Obesity"))) -> Obesity | J369: =IF(C369<5.7,"Normal",IF(C369<6.5,"Prediabetes","Diabetes")) -> Normal
A370: Id369 | B370: 30.6 | C370: 6.48 | D370: Yes | E370: No | F370: Yes | G370: 1 | H370: Yes | I370: =IF(B370<18.5,"Under Weight",IF(B370<25,"Normal Weight",IF(B370<30,"Over weight","Obesity"))) -> Obesity | J370: =IF(C370<5.7,"Normal",IF(C370<6.5,"Prediabetes","Diabetes")) -> Prediabetes
A371: Id370 | B371: 26.8 | C371: 5.53 | D371: No | E371: No | F371: No | G371: 1 | H371: Yes | I371: =IF(B371<18.5,"Under Weight",IF(B371<25,"Normal Weight",IF(B371<30,"Over weight","Obesity"))) -> Over weight | J371: =IF(C371<5.7,"Normal",IF(C371<6.5,"Prediabetes","Diabetes")) -> Normal
A372: Id371 | B372: 16.86 | C372: 4.07 | D372: Yes | E372: No | F372: No | G372: 0 | H372: Yes | I372: =IF(B372<18.5,"Under Weight",IF(B372<25,"Normal Weight",IF(B372<30,"Over weight","Obesity"))) -> Under Weight | J372: =IF(C372<5.7,"Normal",IF(C372<6.5,"Prediabetes","Diabetes")) -> Normal
A373: Id372 | B373: 16.3 | C373: 5.51 | D373: No | E373: No | F373: No | G373: 1 | H373: Yes | I373: =IF(B373<18.5,"Under Weight",IF(B373<25,"Normal Weight",IF(B373<30,"Over weight","Obesity"))) -> Under Weight | J373: =IF(C373<5.7,"Normal",IF(C373<6.5,"Prediabetes","Diabetes")) -> Normal
A374: Id373 | B374: 29.81 | C374: 11.66 | D374: No | E374: No | F374: No | G374: 0 | H374: Yes | I374: =IF(B374<18.5,"Under Weight",IF(B374<25,"Normal Weight",IF(B374<30,"Over weight","Obesity"))) -> Over weight | J374: =IF(C374<5.7,"Normal",IF(C374<6.5,"Prediabetes","Diabetes")) -> Diabetes
A375: Id374 | B375: 16.33 | C375: 7.26 | D375: Yes | E375: No | F375: No | G375: 0 | H375: Yes | I375: =IF(B375<18.5,"Under Weight",IF(B375<25,"Normal Weight",IF(B375<30,"Over weight","Obesity"))) -> Under Weight | J375: =IF(C375<5.7,"Normal",IF(C375<6.5,"Prediabetes","Diabetes")) -> Diabetes
... A587: Id586 | B587: 27.9 | C587: 6.02 | D587: No | E587: No | F587: Yes | G587: 1 | H587: Yes | I587: =IF(B587<18.5,"Under Weight",IF(B587<25,"Normal Weight",IF(B587<30,"Over weight","Obesity"))) -> Over weight | J587: =IF(C587<5.7,"Normal",IF(C587<6.5,"Prediabetes","Diabetes")) -> Prediabetes
A588: Id587 | B588: 51.33 | C588: Yes | D588: No | E588: No | F588: No | G588: 0 | H588: No | I588: =IF(B588<18.5,"Under Weight",IF(B588<25,"Normal Weight",IF(B588<30,"Over weight","Obesity"))) -> Obesity | J588: =IF(C588<5.7,"Normal",IF(C588<6.5,"Prediabetes","Diabetes")) -> Diabetes
A589: Id588 | B589: 30.59 | C589: 5.56 | D589: Yes | E589: No | F589: No | G589: 1 | H589: No | I589: =IF(B589<18.5,"Under Weight",IF(B589<25,"Normal Weight",IF(B589<30,"Over weight","Obesity"))) -> Obesity | J589: =IF(C589<5.7,"Normal",IF(C589<6.5,"Prediabetes","Diabetes")) -> Normal
A590: Id589 | B590: 39.23 | C590: 8.45 | D590: No | E590: No | F590: No | G590: 0 | H590: No | I590: =IF(B590<18.5,"Under Weight",IF(B590<25,"Normal Weight",IF(B590<30,"Over weight","Obesity"))) -> Obesity | J590: =IF(C590<5.7,"Normal",IF(C590<6.5,"Prediabetes","Diabetes")) -> Diabetes
A591: Id590 | B591: 19.095 | C591: 6.19 | D591: No | E591: No | F591: No | G591: 0 | H591: Yes | I591: =IF(B591<18.5,"Under Weight",IF(B591<25,"Normal Weight",IF(B591<30,"Over weight","Obesity"))) -> Normal Weight | J591: =IF(C591<5.7,"Normal",IF(C591<6.5,"Prediabetes","Diabetes")) -> Prediabetes
A592: Id591 | B592: 49.72 | C592: 7.71 | D592: No | E592: No | F592: No | G592: 0 | H592: No | I592: =IF(B592<18.5,"Under Weight",IF(B592<25,"Normal Weight",IF(B592<30,"Over weight","Obesity"))) -> Obesity | J592: =IF(C592<5.7,"Normal",IF(C592<6.5,"Prediabetes","Diabetes")) -> Diabetes
A593: Id592 | B593: 21.755 | C593: 4.63 | D593: No | E593: No | F593: Yes | G593: 1 | H593: Yes | I593: =IF(B593<18.5,"Under Weight",IF(B593<25,"Normal Weight",IF(B593<30,"Over weight","Obesity"))) -> Normal Weight | J593: =IF(C593<5.7,"Normal",IF(C593<6.5,"Prediabetes","Diabetes")) -> Normal
A594: Id593 | B594: 48.39 | C594: 4.61 | D594: No | E594: No | F594: No | G594: 0 | H594: No | I594: =IF(B594<18.5,"Under Weight",IF(B594<25,"Normal Weight",IF(B594<30,"Over weight","Obesity"))) -> Obesity | J594: =IF(C594<5.7,"Normal",IF(C594<6.5,"Prediabetes","Diabetes")) -> Normal
A595: Id594 | B595: 47.15 | C595: 9.53 | D595: Yes | E595: No | F595: No | G595: 1 | H595: No | I595: =IF(B595<18.5,"Under Weight",IF(B595<25,"Normal Weight",IF(B595<30,"Over weight","Obesity"))) -> Obesity | J595: =IF(C595<5.7,"Normal",IF(C595<6.5,"Prediabetes","Diabetes")) -> Diabetes
A596: Id595 | B596: 47.59 | C596: 11.43 | D596: Yes | E596: No | F596: No | G596: 1 | H596: No | I596: =IF(B596<18.5,"Under Weight",IF(B596<25,"Normal Weight",IF(B596<30,"Over weight","Obesity"))) -> Obesity | J596: =IF(C596<5.7,"Normal",IF(C596<6.5,"Prediabetes","Diabetes")) -> Diabetes
A597: Id596 | B597: 39.81 | C597: 7.65 | D597: Yes | E597: No | F597: Yes | G597: 1 | H597: No | I597: =IF(B597<18.5,"Under Weight",IF(B597<25,"Normal Weight",IF(B597<30,"Over weight","Obesity"))) -> Obesity | J597: =IF(C597<5.7,"Normal",IF(C597<6.5,"Prediabetes","Diabetes")) -> Diabetes
A598: Id597 | B598: 31.02 | C598: 5.87 | D598: Yes | E598: No | F598: No | G598: 0 | H598: No | I598: =IF(B598<18.5,"Under Weight",IF(B598<25,"Normal Weight",IF(B598<30,"Over weight","Obesity"))) -> Obesity | J598: =IF(C598<5.7,"Normal",IF(C598<6.5,"Prediabetes","Diabetes")) -> Prediabetes
A599: Id598 | B599: 24.75 | C599: 4.36 | D599: Yes | E599: No | F599: No | G599: 1 | H599: Yes | I599: =IF(B599<18.5,"Under Weight",IF(B599<25,"Normal Weight",IF(B599<30,"Over weight","Obesity"))) -> Normal Weight | J599: =IF(C599<5.7,"Normal",IF(C599<6.5,"Prediabetes","Diabetes")) -> Normal
A600: Id599 | B600: 30.115 | C600: 10.12 | D600: No | E600: No | F600: No | G600: 1 | H600: No | I600: =IF(B600<18.5,"Under Weight",IF(B600<25,"Normal Weight",IF(B600<30,"Over weight","Obesity"))) -> Obesity | J600: =IF(C600<5.7,"Normal",IF(C600<6.5,"Prediabetes","Diabetes")) -> Diabetes
... A721: Id720 | B721: 50.46 | C721: 4.56 | D721: No | E721: No | F721: No | G721: 0 | H721: No | I721: =IF(B721<18.5,"Under Weight",IF(B721<25,"Normal Weight",IF(B721<30,"Over weight","Obesity"))) -> Obesity | J721: =IF(C721<5.7,"Normal",IF(C721<6.5,"Prediabetes","Diabetes")) -> Normal
A722: Id721 | B722: 31.73 | C722: Yes | D722: No | E722: No | F722: No | G722: 0 | H722: No | I722: =IF(B722<18.5,"Under Weight",IF(B722<25,"Normal Weight",IF(B722<30,"Over weight","Obesity"))) -> Obesity | J722: =IF(C722<5.7,"Normal",IF(C722<6.5,"Prediabetes","Diabetes")) -> Diabetes
A723: Id722 | B723: 32.1 | C723: 6.57 | D723: Yes | E723: No | F723: Yes | G723: 1 | H723: No | I723: =IF(B723<18.5,"Under Weight",IF(B723<25,"Normal Weight",IF(B723<30,"Over weight","Obesity"))) -> Obesity | J723: =IF(C723<5.7,"Normal",IF(C723<6.5,"Prediabetes","Diabetes")) -> Diabetes
A724: Id723 | B724: 27.83 | C724: 11.61 | D724: Yes | E724: No | F724: Yes | G724: 1 | H724: No | I724: =IF(B724<18.5,"Under Weight",IF(B724<25,"Normal Weight",IF(B724<30,"Over weight","Obesity"))) -> Over weight | J724: =IF(C724<5.7,"Normal",IF(C724<6.5,"Prediabetes","Diabetes")) -> Diabetes
A725: Id724 | B725: 27.72 | C725: 8.16 | D725: Yes | E725: No | F725: Yes | G725: 1 | H725: No | I725: =IF(B725<18.5,"Under Weight",IF(B725<25,"Normal Weight",IF(B725<30,"Over weight","Obesity"))) -> Over weight | J725: =IF(C725<5.7,"Normal",IF(C725<6.5,"Prediabetes","Diabetes")) -> Diabetes
A726: Id725 | B726: 36.765 | C726: 4.48 | D726: Yes | E726: No | F726: No | G726: 1 | H726: No | I726: =IF(B726<18.5,"Under Weight",IF(B726<25,"Normal Weight",IF(B726<30,"Over weight","Obesity"))) -> Obesity | J726: =IF(C726<5.7,"Normal",IF(C726<6.5,"Prediabetes","Diabetes")) -> Normal
A727: Id726 | B727: 48.36 | C727: 4.08 | D727: No | E727: No | F727: No | G727: 0 | H727: No | I727: =IF(B727<18.5,"Under Weight",IF(B727<25,"Normal Weight",IF(B727<30,"Over weight","Obesity"))) -> Obesity | J727: =IF(C727<5.7,"Normal",IF(C727<6.5,"Prediabetes","Diabetes")) -> Normal
A728: Id727 | B728: 31.445 | C728: 4.4 | D728: Yes | E728: No | F728: No | G728: 1 | H728: No | I728: =IF(B728<18.5,"Under Weight",IF(B728<25,"Normal Weight",IF(B728<30,"Over weight","Obesity"))) -> Obesity | J728: =IF(C728<5.7,"Normal",IF(C728<6.5,"Prediabetes","Diabetes")) -> Normal
A729: Id728 | B729: 27.55 | C729: 9.02 | D729: No | E729: No | F729: No | G729: 0 | H729: No | I729: =IF(B729<18.5,"Under Weight",IF(B729<25,"Normal Weight",IF(B729<30,"Over weight","Obesity"))) -> Over weight | J729: =IF(C729<5.7,"Normal",IF(C729<6.5,"Prediabetes","Diabetes")) -> Diabetes
A730: Id729 | B730: 33.11 | C730: 8.06 | D730: No | E730: No | F730: No | G730: 0 | H730: No | I730: =IF(B730<18.5,"Under Weight",IF(B730<25,"Normal Weight",IF(B730<30,"Over weight","Obesity"))) -> Obesity | J730: =IF(C730<5.7,"Normal",IF(C730<6.5,"Prediabetes","Diabetes")) -> Diabetes
A731: Id730 | B731: 36.85 | C731: 6.21 | D731: Yes | E731: No | F731: No | G731: 1 | H731: No | I731: =IF(B731<18.5,"Under Weight",IF(B731<25,"Normal Weight",IF(B731<30,"Over weight","Obesity"))) -> Obesity | J731: =IF(C731<5.7,"Normal",IF(C731<6.5,"Prediabetes","Diabetes")) -> Prediabetes
A732: Id731 | B732: 36.3 | C732: 5.79 | D732: Yes | E732: No | F732: No | G732: 1 | H732: No | I732: =IF(B732<18.5,"Under Weight",IF(B732<25,"Normal Weight",IF(B732<30,"Over weight","Obesity"))) -> Obesity | J732: =IF(C732<5.7,"Normal",IF(C732<6.5,"Prediabetes","Diabetes")) -> Prediabetes
A733: Id732 | B733: 45.34 | C733: 5.69 | D733: Yes | E733: No | F733: No | G733: 0 | H733: No | I733: =IF(B733<18.5,"Under Weight",IF(B733<25,"Normal Weight",IF(B733<30,"Over weight","Obesity"))) -> Obesity | J733: =IF(C733<5.7,"Normal",IF(C733<6.5,"Prediabetes","Diabetes")) -> Normal
A734: Id733 | B734: 31.8 | C734: 5.36 | D734: Yes | E734: No | F734: No | G734: 1 | H734: No | I734: =IF(B734<18.5,"Under Weight",IF(B734<25,"Normal Weight",IF(B734<30,"Over weight","Obesity"))) -> Obesity | J734: =IF(C734<5.7,"Normal",IF(C734<6.5,"Prediabetes","Diabetes")) -> Normal
... A806: Id805 | B806: 37.12 | C806: 5.29 | D806: No | E806: No | F806: No | G806: 1 | H806: No | I806: =IF(B806<18.5,"Under Weight",IF(B806<25,"Normal Weight",IF(B806<30,"Over weight","Obesity"))) -> Obesity | J806: =IF(C806<5.7,"Normal",IF(C806<6.5,"Prediabetes","Diabetes")) -> Normal
A807: Id806 | B807: 34.84 | C807: Yes | D807: Yes | E807: No | F807: Yes | G807: 1 | H807: No | I807: =IF(B807<18.5,"Under Weight",IF(B807<25,"Normal Weight",IF(B807<30,"Over weight","Obesity"))) -> Obesity | J807: =IF(C807<5.7,"Normal",IF(C807<6.5,"Prediabetes","Diabetes")) -> Diabetes
A808: Id807 | B808: 29.53 | C808: 10.64 | D808: No | E808: No | F808: No | G808: 0 | H808: No | I808: =IF(B808<18.5,"Under Weight",IF(B808<25,"Normal Weight",IF(B808<30,"Over weight","Obesity"))) -> Over weight | J808: =IF(C808<5.7,"Normal",IF(C808<6.5,"Prediabetes","Diabetes")) -> Diabetes
A809: Id808 | B809: 42.51 | C809: 8.21 | D809: Yes | E809: No | F809: No | G809: 0 | H809: No | I809: =IF(B809<18.5,"Under Weight",IF(B809<25,"Normal Weight",IF(B809<30,"Over weight","Obesity"))) -> Obesity | J809: =IF(C809<5.7,"Normal",IF(C809<6.5,"Prediabetes","Diabetes")) -> Diabetes
A810: Id809 | B810: 38.14 | C810: 5.58 | D810: No | E810: No | F810: Yes | G810: 1 | H810: No | I810: =IF(B810<18.5,"Under Weight",IF(B810<25,"Normal Weight",IF(B810<30,"Over weight","Obesity"))) -> Obesity | J810: =IF(C810<5.7,"Normal",IF(C810<6.5,"Prediabetes","Diabetes")) -> Normal
A811: Id810 | B811: 39.93 | C811: 8.75 | D811: No | E811: No | F811: No | G811: 0 | H811: No | I811: =IF(B811<18.5,"Under Weight",IF(B811<25,"Normal Weight",IF(B811<30,"Over weight","Obesity"))) -> Obesity | J811: =IF(C811<5.7,"Normal",IF(C811<6.5,"Prediabetes","Diabetes")) -> Diabetes
A812: Id811 | B812: 38.83 | C812: 11.86 | D812: No | E812: No | F812: No | G812: 0 | H812: No | I812: =IF(B812<18.5,"Under Weight",IF(B812<25,"Normal Weight",IF(B812<30,"Over weight","Obesity"))) -> Obesity | J812: =IF(C812<5.7,"Normal",IF(C812<6.5,"Prediabetes","Diabetes")) -> Diabetes
A813: Id812 | B813: 37.4 | C813: 11.46 | D813: No | E813: No | F813: No | G813: 0 | H813: No | I813: =IF(B813<18.5,"Under Weight",IF(B813<25,"Normal Weight",IF(B813<30,"Over weight","Obesity"))) -> Obesity | J813: =IF(C813<5.7,"Normal",IF(C813<6.5,"Prediabetes","Diabetes")) -> Diabetes
A814: Id813 | B814: 21.4 | C814: 9.03 | D814: No | E814: No | F814: No | G814: 0 | H814: No | I814: =IF(B814<18.5,"Under Weight",IF(B814<25,"Normal Weight",IF(B814<30,"Over weight","Obesity"))) -> Normal Weight | J814: =IF(C814<5.7,"Normal",IF(C814<6.5,"Prediabetes","Diabetes")) -> Diabetes
A815: Id814 | B815: 38.38 | C815: 8.26 | D815: Yes | E815: No | F815: No | G815: 1 | H815: No | I815: =IF(B815<18.5,"Under Weight",IF(B815<25,"Normal Weight",IF(B815<30,"Over weight","Obesity"))) -> Obesity | J815: =IF(C815<5.7,"Normal",IF(C815<6.5,"Prediabetes","Diabetes")) -> Diabetes
A816: Id815 | B816: 33.66 | C816: 5.42 | D816: Yes | E816: No | F816: No | G816: 1 | H816: No | I816: =IF(B816<18.5,"Under Weight",IF(B816<25,"Normal Weight",IF(B816<30,"Over weight","Obesity"))) -> Obesity | J816: =IF(C816<5.7,"Normal",IF(C816<6.5,"Prediabetes","Diabetes")) -> Normal
A817: Id816 | B817: 31.79 | C817: 11.33 | D817: Yes | E817: No | F817: Yes | G817: 1 | H817: No | I817: =IF(B817<18.5,"Under Weight",IF(B817<25,"Normal Weight",IF(B817<30,"Over weight","Obesity"))) -> Obesity | J817: =IF(C817<5.7,"Normal",IF(C817<6.5,"Prediabetes","Diabetes")) -> Diabetes
A818: Id817 | B818: 29.7 | C818: 7.69 | D818: Yes | E818: No | F818: Yes | G818: 1 | H818: No | I818: =IF(B818<18.5,"Under Weight",IF(B818<25,"Normal Weight",IF(B818<30,"Over weight","Obesity"))) -> Over weight | J818: =IF(C818<5.7,"Normal",IF(C818<6.5,"Prediabetes","Diabetes")) -> Diabetes
A819: Id818 | B819: 25.46 | C819: 8.77 | D819: Yes | E819: No | F819: Yes | G819: 1 | H819: No | I819: =IF(B819<18.5,"Under Weight",IF(B819<25,"Normal Weight",IF(B819<30,"Over weight","Obesity"))) -> Over weight | J819: =IF(C819<5.7,"Normal",IF(C819<6.5,"Prediabetes","Diabetes")) -> Diabetes
... A1076: Id1075 | B1076: 25.55 | C1076: 4.96 | D1076: Yes | E1076: No | F1076: No | G1076: 1 | H1076: No | I1076: =IF(B1076<18.5,"Under Weight",IF(B1076<25,"Normal Weight",IF(B1076<30,"Over weight","Obesity"))) -> Over weight | J1076: =IF(C1076<5.7,"Normal",IF(C1076<6.5,"Prediabetes","Diabetes")) -> Normal
A1077: Id1076 | B1077: 28.77 | C1077: Yes | D1077: Yes | E1077: No | F1077: No | G1077: 0 | H1077: No | I1077: =IF(B1077<18.5,"Under Weight",IF(B1077<25,"Normal Weight",IF(B1077<30,"Over weight","Obesity"))) -> Over weight | J1077: =IF(C1077<5.7,"Normal",IF(C1077<6.5,"Prediabetes","Diabetes")) -> Diabetes
A1078: Id1077 | B1078: 23.14 | C1078: 4.15 | D1078: Yes | E1078: No | F1078: No | G1078: 1 | H1078: No | I1078: =IF(B1078<18.5,"Under Weight",IF(B1078<25,"Normal Weight",IF(B1078<30,"Over weight","Obesity"))) -> Normal Weight | J1078: =IF(C1078<5.7,"Normal",IF(C1078<6.5,"Prediabetes","Diabetes")) -> Normal
...

Sheet Hospitalisation Detailes
A1: Customer ID | B1: year | C1: month | D1: date | E1: children | F1: charges | G1: Hospital tier | H1: City tier | I1: State ID | J1: YYY-MM-DD
A2: Id2335 | B2: 1992 | C2: Jul | D2: 9 | E2: 0 | F2: 563.84 | G2: tier - 2 | H2: tier - 3 | I2: R1013 | J2: =DATE(B2,MONTH(1&C2),D2) -> 33794
A3: Id2334 | B3: 1992 | C3: Nov | D3: 30 | E3: 0 | F3: 570.62 | G3: tier - 2 | H3: tier - 1 | I3: R1013 | J3: =DATE(B3,MONTH(1&C3),D3) -> 33938
A4: Id2333 | B4: 1993 | C4: Jun | D4: 30 | E4: 0 | F4: 600 | G4: tier - 2 | H4: tier - 1 | I4: R1013 | J4: =DATE(B4,MONTH(1&C4),D4) -> 34150
A5: Id2332 | B5: 1992 | C5: Sep | D5: 13 | E5: 0 | F5: 604.54 | G5: tier - 3 | H5: tier - 3 | I5: R1013 | J5: =DATE(B5,MONTH(1&C5),D5) -> 33860
A6: Id2331 | B6: 1998 | C6: Jul | D6: 27 | E6: 0 | F6: 637.26 | G6: tier - 3 | H6: tier - 3 | I6: R1013 | J6: =DATE(B6,MONTH(1&C6),D6) -> 36003
A7: Id2330 | B7: 2001 | C7: Nov | D7: 20 | E7: 0 | F7: 646.14 | G7: tier - 3 | H7: tier - 3 | I7: R1012 | J7: =DATE(B7,MONTH(1&C7),D7) -> 37215
A8: Id2329 | B8: 1993 | C8: Jun | D8: 1 | E8: 0 | F8: 650 | G8: tier - 3 | H8: tier - 3 | I8: R1013 | J8: =DATE(B8,MONTH(1&C8),D8) -> 34121
A9: Id2328 | B9: 1995 | C9: Jul | D9: 4 | E9: 0 | F9: 650 | G9: tier - 3 | H9: tier - 3 | I9: R1013 | J9: =DATE(B9,MONTH(1&C9),D9) -> 34884
A10: Id2327 | B10: 2002 | C10: Nov | D10: 29 | E10: 0 | F10: 668 | G10: tier - 3 | H10: tier - 2 | I10: R1012 | J10: =DATE(B10,MONTH(1&C10),D10) -> 37589
A11: Id2326 | B11: 1997 | C11: Nov | D11: 9 | E11: 0 | F11: 670 | G11: tier - 3 | H11: tier - 3 | I11: R1013 | J11: =DATE(B11,MONTH(1&C11),D11) -> 35743
A12: Id2325 | B12: 2001 | C12: Sep | D12: 12 | E12: 0 | F12: 687.54 | G12: tier - 3 | H12: tier - 2 | I12: R1013 | J12: =DATE(B12,MONTH(1&C12),D12) -> 37146
A13: Id2324 | B13: 1999 | C13: Dec | D13: 26 | E13: 0 | F13: 700 | G13: tier - 2 | H13: tier - 3 | I13: R1013 | J13: =DATE(B13,MONTH(1&C13),D13) -> 36520
... A1050: Id1290 | B1050: 1977 | C1050: Jul | D1050: 26 | E1050: 2 | F1050: 8527.53 | G1050: tier - 2 | H1050: tier - 2 | I1050: R1013 | J1050: =DATE(B1050,MONTH(1&C1050),D1050) -> 28332
A1051: Id1289 | B1051: ? | C1051: Jul | D1051: 24 | E1051: 0 | F1051: 8534.67 | G1051: tier - 2 | H1051: tier - 3 | I1051: R1024 | J1051: =DATE(B1051,MONTH(1&C1051),D1051) -> #VALUE!
A1052: Id1288 | B1052: 1981 | C1052: Dec | D1052: 27 | E1052: 3 | F1052: 8538.29 | G1052: tier - 2 | H1052: tier - 3 | I1052: R1024 | J1052: =DATE(B1052,MONTH(1&C1052),D1052) -> 29947
A1053: Id1287 | B1053: 1975 | C1053: Nov | D1053: 6 | E1053: 1 | F1053: 8539.67 | G1053: tier - 2 | H1053: tier - 3 | I1053: R1011 | J1053: =DATE(B1053,MONTH(1&C1053),D1053) -> 27704
A1054: Id1286 | B1054: ? | C1054: Dec | D1054: 12 | E1054: 1 | F1054: 8547.69 | G1054: tier - 2 | H1054: tier - 1 | I1054: R1013 | J1054: =DATE(B1054,MONTH(1&C1054),D1054) -> #VALUE!
A1055: Id1285 | B1055: 1975 | C1055: Aug | D1055: 6 | E1055: 1 | F1055: 8551.35 | G1055: tier - 2 | H1055: tier - 2 | I1055: R1011 | J1055: =DATE(B1055,MONTH(1&C1055),D1055) -> 27612
A1056: Id1284 | B1056: 1975 | C1056: Aug | D1056: 21 | E1056: 1 | F1056: 8556.91 | G1056: tier - 2 | H1056: tier - 1 | I1056: R1011 | J1056: =DATE(B1056,MONTH(1&C1056),D1056) -> 27627
A1057: Id1283 | B1057: 1988 | C1057: Sep | D1057: 21 | E1057: 3 | F1057: 8567.25 | G1057: tier - 2 | H1057: tier - 1 | I1057: R1012 | J1057: =DATE(B1057,MONTH(1&C1057),D1057) -> 32407
A1058: Id1282 | B1058: 1975 | C1058: Sep | D1058: 26 | E1058: 1 | F1058: 8569.86 | G1058: tier - 2 | H1058: tier - 3 | I1058: R1013 | J1058: =DATE(B1058,MONTH(1&C1058),D1058) -> 27663
A1059: Id1281 | B1059: 1982 | C1059: Dec | D1059: 6 | E1059: 3 | F1059: 8572.04 | G1059: tier - 2 | H1059: tier - 2 | I1059: R1021 | J1059: =DATE(B1059,MONTH(1&C1059),D1059) -> 30291
A1060: Id1280 | B1060: 1987 | C1060: Nov | D1060: 11 | E1060: 3 | F1060: 8573.3 | G1060: tier - 2 | H1060: tier - 2 | I1060: R1021 | J1060: =DATE(B1060,MONTH(1&C1060),D1060) -> 32092
A1061: Id1279 | B1061: 1983 | C1061: Dec | D1061: 30 | E1061: 5 | F1061: 8582.3 | G1061: tier - 2 | H1061: tier - 1 | I1061: R1013 | J1061: =DATE(B1061,MONTH(1&C1061),D1061) -> 30680
A1062: Id1278 | B1062: 1983 | C1062: Jul | D1062: 25 | E1062: 5 | F1062: 8596.83 | G1062: tier - 2 | H1062: tier - 3 | I1062: R1013 | J1062: =DATE(B1062,MONTH(1&C1062),D1062) -> 30522
A1063: Id1277 | B1063: 1973 | C1063: Jul | D1063: 11 | E1063: 0 | F1063: 8601.33 | G1063: tier - 2 | H1063: tier - 1 | I1063: R1013 | J1063: =DATE(B1063,MONTH(1&C1063),D1063) -> 26856
A1064: Id1276 | B1064: 1977 | C1064: Sep | D1064: 24 | E1064: 2 | F1064: 8603.82 | G1064: tier - 2 | H1064: tier - 1 | I1064: R1019 | J1064: =DATE(B1064,MONTH(1&C1064),D1064) -> 28392
A1065: Id1275 | B1065: 1977 | C1065: Nov | D1065: 12 | E1065: 2 | F1065: 8604.48 | G1065: tier - 3 | H1065: tier - 2 | I1065: R1016 | J1065: =DATE(B1065,MONTH(1&C1065),D1065) -> 28441
A1066: Id1274 | B1066: 1977 | C1066: Oct | D1066: 15 | E1066: 3 | F1066: 8605.36 | G1066: tier - 2 | H1066: tier - 2 | I1066: R1013 | J1066: =DATE(B1066,MONTH(1&C1066),D1066) -> 28413
... A2344: Id1 | B2344: 1968 | C2344: Oct | D2344: 12 | E2344: 0 | F2344: 63770.43 | G2344: tier - 1 | H2344: tier - 3 | I2344: R1013 | J2344: =DATE(B2344,MONTH(1&C2344),D2344) -> 25123
A2345: FIRST ANS:
A2346: =COUNTIF(A2:A2344,"~?") -> 6 | B2346: =COUNTIF(B2:B2344,"~?") -> 2 | C2346: =COUNTIF(C2:C2344,"~?") -> 0 | D2346: =COUNTIF(D2:D2344,"~?") -> 0 | E2346: =COUNTIF(E2:E2344,"~?") -> 0 | F2346: =COUNTIF(F2:F2344,"~?") -> 0 | G2346: =COUNTIF(G2:G2344,"~?") -> 0 | H2346: =COUNTIF(H2:H2344,"~?") -> 0 | I2346: =COUNTIF(I2:I2344,"~?") -> 2
A2349: 2 ND ANS:
B2350: =ROUND(AVERAGE(B2:B2344),0) -> 1983
A2352: 3 rd ANS:
F2354: tier -1 | G2354: =COUNTIF(G2:G2344,"tier - 1") -> 309 | H2354: =COUNTIF(H2:H2344,"tier - 1") -> 734
F2355: tier - 2 | G2355: =COUNTIF(G2:G2344,"tier - 2") -> 1340 | H2355: =COUNTIF(H2:H2344,"tier - 2") -> 813
F2356: tier - 3 | G2356: =COUNTIF(G2:G2344,"tier - 3") -> 694 | H2356: =COUNTIF(H2:H2344,"tier - 3") -> 796
A2360: 4 th ANS: | B2360: NO MISSING VALUES

Sheet Health care
A1: Customer ID | B1: name | C1: Health care | D1: HBA1C | E1: Heart Issues | F1: Any Transplants | G1: Cancer history | H1: NumberOfMajorSurgeries | I1: smoker | J1: Weight Status | K1: Diabetes Status | L1: date | M1: month | N1: year | O1: YYY-MM-DD | P1: charges | Q1: Hospital tier | R1: City tier | S1: State ID | T1: Age | U1: VLOOKUP
A2: Id1 | B2: Hawks, | C2: 47.41 | D2: 7.47 | E2: No | F2: No | G2: No | H2: 0 | I2: Yes | J2: =IF(C2<18.5,"Under Weight",IF(C2<25,"Normal Weight",IF(C2<30,"Over weight","Obesity"))) -> Obesity | K2: =IF(D2<5.7,"Normal",IF(D2<6.5,"Prediabetes","Diabetes")) -> Diabetes | L2: 9 | M2: Jul | N2: 1992 | O2: =DATE(N2,MONTH(1&M2),L2) -> 33794 | P2: 563.84 | Q2: tier - 2 | R2: tier - 3 | S2: R1013 | T2: =YEAR(TODAY())-YEAR(O2) -> 34 | U2: =VLOOKUP($A2,'Medical Examination'!$A:$Z,2,FALSE) -> 47.41
A3: Id2 | B3: Lehner, | C3: 30.36 | D3: 5.77 | E3: No | F3: No | G3: No | H3: 0 | I3: Yes | J3: =IF(C3<18.5,"Under Weight",IF(C3<25,"Normal Weight",IF(C3<30,"Over weight","Obesity"))) -> Obesity | K3: =IF(D3<5.7,"Normal",IF(D3<6.5,"Prediabetes","Diabetes")) -> Prediabetes | L3: 30 | M3: Nov | N3: 1992 | O3: =DATE(N3,MONTH(1&M3),L3) -> 33938 | P3: 570.62 | Q3: tier - 2 | R3: tier - 1 | S3: R1013 | T3: =YEAR(TODAY())-YEAR(O3) -> 34 | U3: =VLOOKUP($A3,'Medical Examination'!$A:$Z,2,FALSE) -> 30.36
A4: Id3 | B4: Lu, | C4: 34.485 | D4: 11.87 | E4: Yes | F4: No | G4: No | H4: 1 | I4: Yes | J4: =IF(C4<18.5,"Under Weight",IF(C4<25,"Normal Weight",IF(C4<30,"Over weight","Obesity"))) -> Obesity | K4: =IF(D4<5.7,"Normal",IF(D4<6.5,"Prediabetes","Diabetes")) -> Diabetes | L4: 30 | M4: Jun | N4: 1993 | O4: =DATE(N4,MONTH(1&M4),L4) -> 34150 | P4: 600 | Q4: tier - 2 | R4: tier - 1 | S4: R1013 | T4: =YEAR(TODAY())-YEAR(O4) -> 33 | U4: =VLOOKUP($A4,'Medical Examination'!$A:$Z,2,FALSE) -> 34.485
A5: Id4 | B5: Osborne, | C5: 38.095 | D5: 6.05 | E5: No | F5: No | G5: No | H5: 0 | I5: Yes | J5: =IF(C5<18.5,"Under Weight",IF(C5<25,"Normal Weight",IF(C5<30,"Over weight","Obesity"))) -> Obesity | K5: =IF(D5<5.7,"Normal",IF(D5<6.5,"Prediabetes","Diabetes")) -> Prediabetes | L5: 13 | M5: Sep | N5: 1992 | O5: =DATE(N5,MONTH(1&M5),L5) -> 33860 | P5: 604.54 | Q5: tier - 3 | R5: tier - 3 | S5: R1013 | T5: =YEAR(TODAY())-YEAR(O5) -> 34 | U5: =VLOOKUP($A5,'Medical Examination'!$A:$Z,2,FALSE) -> 38.095
A6: Id5 | B6: Kadala, | C6: 35.53 | D6: 5.45 | E6: No | F6: No | G6: No | H6: 0 | I6: Yes | J6: =IF(C6<18.5,"Under Weight",IF(C6<25,"Normal Weight",IF(C6<30,"Over weight","Obesity"))) -> Obesity | K6: =IF(D6<5.7,"Normal",IF(D6<6.5,"Prediabetes","Diabetes")) -> Normal | L6: 27 | M6: Jul | N6: 1998 | O6: =DATE(N6,MONTH(1&M6),L6) -> 36003 | P6: 637.26 | Q6: tier - 3 | R6: tier - 3 | S6: R1013 | T6: =YEAR(TODAY())-YEAR(O6) -> 28 | U6: =VLOOKUP($A6,'Medical Examination'!$A:$Z,2,FALSE) -> 35.53
A7: Id6 | B7: Baker, | C7: 32.8 | D7: 6.59 | E7: No | F7: No | G7: No | H7: 0 | I7: Yes | J7: =IF(C7<18.5,"Under Weight",IF(C7<25,"Normal Weight",IF(C7<30,"Over weight","Obesity"))) -> Obesity | K7: =IF(D7<5.7,"Normal",IF(D7<6.5,"Prediabetes","Diabetes")) -> Diabetes | L7: 20 | M7: Nov | N7: 2001 | O7: =DATE(N7,MONTH(1&M7),L7) -> 37215 | P7: 646.14 | Q7: tier - 3 | R7: tier - 3 | S7: R1012 | T7: =YEAR(TODAY())-YEAR(O7) -> 25 | U7: =VLOOKUP($A7,'Medical Examination'!$A:$Z,2,FALSE) -> 32.8
A8: Id7 | B8: Macpherson, | C8: 36.4 | D8: 6.07 | E8: No | F8: No | G8: No | H8: 0 | I8: Yes | J8: =IF(C8<18.5,"Under Weight",IF(C8<25,"Normal Weight",IF(C8<30,"Over weight","Obesity"))) -> Obesity | K8: =IF(D8<5.7,"Normal",IF(D8<6.5,"Prediabetes","Diabetes")) -> Prediabetes | L8: 1 | M8: Jun | N8: 1993 | O8: =DATE(N8,MONTH(1&M8),L8) -> 34121 | P8: 650 | Q8: tier - 3 | R8: tier - 3 | S8: R1013 | T8: =YEAR(TODAY())-YEAR(O8) -> 33 | U8: =VLOOKUP($A8,'Medical Examination'!$A:$Z,2,FALSE) -> 36.4
A9: Id8 | B9: Hallman, | C9: 36.96 | D9: 7.93 | E9: No | F9: No | G9: No | H9: 1 | I9: Yes | J9: =IF(C9<18.5,"Under Weight",IF(C9<25,"Normal Weight",IF(C9<30,"Over weight","Obesity"))) -> Obesity | K9: =IF(D9<5.7,"Normal",IF(D9<6.5,"Prediabetes","Diabetes")) -> Diabetes | L9: 4 | M9: Jul | N9: 1995 | O9: =DATE(N9,MONTH(1&M9),L9) -> 34884 | P9: 650 | Q9: tier - 3 | R9: tier - 3 | S9: R1013 | T9: =YEAR(TODAY())-YEAR(O9) -> 31 | U9: =VLOOKUP($A9,'Medical Examination'!$A:$Z,2,FALSE) -> 36.96
A10: Id9 | B10: Moran, | C10: 41.14 | D10: 9.58 | E10: Yes | F10: No | G10: Yes | H10: 1 | I10: Yes | J10: =IF(C10<18.5,"Under Weight",IF(C10<25,"Normal Weight",IF(C10<30,"Over weight","Obesity"))) -> Obesity | K10: =IF(D10<5.7,"Normal",IF(D10<6.5,"Prediabetes","Diabetes")) -> Diabetes | L10: 29 | M10: Nov | N10: 2002 | O10: =DATE(N10,MONTH(1&M10),L10) -> 37589 | P10: 668 | Q10: tier - 3 | R10: tier - 2 | S10: R1012 | T10: =YEAR(TODAY())-YEAR(O10) -> 24 | U10: =VLOOKUP($A10,'Medical Examination'!$A:$Z,2,FALSE) -> 41.14
A11: Id10 | B11: Benner, | C11: 38.06 | D11: 10.79 | E11: No | F11: No | G11: No | H11: 0 | I11: Yes | J11: =IF(C11<18.5,"Under Weight",IF(C11<25,"Normal Weight",IF(C11<30,"Over weight","Obesity"))) -> Obesity | K11: =IF(D11<5.7,"Normal",IF(D11<6.5,"Prediabetes","Diabetes")) -> Diabetes | L11: 9 | M11: Nov | N11: 1997 | O11: =DATE(N11,MONTH(1&M11),L11) -> 35743 | P11: 670 | Q11: tier - 3 | R11: tier - 3 | S11: R1013 | T11: =YEAR(TODAY())-YEAR(O11) -> 29 | U11: =VLOOKUP($A11,'Medical Examination'!$A:$Z,2,FALSE) -> 38.06
A12: Id11 | B12: Fierro | C12: 37.7 | D12: 5.96 | E12: Yes | F12: No | G12: No | H12: 1 | I12: Yes | J12: =IF(C12<18.5,"Under Weight",IF(C12<25,"Normal Weight",IF(C12<30,"Over weight","Obesity"))) -> Obesity | K12: =IF(D12<5.7,"Normal",IF(D12<6.5,"Prediabetes","Diabetes")) -> Prediabetes | L12: 12 | M12: Sep | N12: 2001 | O12: =DATE(N12,MONTH(1&M12),L12) -> 37146 | P12: 687.54 | Q12: tier - 3 | R12: tier - 2 | S12: R1013 | T12: =YEAR(TODAY())-YEAR(O12) -> 25 | U12: =VLOOKUP($A12,'Medical Examination'!$A:$Z,2,FALSE) -> 37.7
A13: Id12 | B13: Franz, | C13: 42.13 | D13: 11.9 | E13: No | F13: No | G13: No | H13: 0 | I13: Yes | J13: =IF(C13<18.5,"Under Weight",IF(C13<25,"Normal Weight",IF(C13<30,"Over weight","Obesity"))) -> Obesity | K13: =IF(D13<5.7,"Normal",IF(D13<6.5,"Prediabetes","Diabetes")) -> Diabetes | L13: 26 | M13: Dec | N13: 1999 | O13: =DATE(N13,MONTH(1&M13),L13) -> 36520 | P13: 700 | Q13: tier - 2 | R13: tier - 3 | S13: R1013 | T13: =YEAR(TODAY())-YEAR(O13) -> 27 | U13: =VLOOKUP($A13,'Medical Examination'!$A:$Z,2,FALSE) -> 42.13
... A101: Id100 | B101: Gollins, | C101: 48.2 | D101: 4.84 | E101: No | F101: No | G101: No | H101: 0 | I101: Yes | J101: =IF(C101<18.5,"Under Weight",IF(C101<25,"Normal Weight",IF(C101<30,"Over weight","Obesity"))) -> Obesity | K101: =IF(D101<5.7,"Normal",IF(D101<6.5,"Prediabetes","Diabetes")) -> Normal | L101: 22 | M101: Dec | N101: 2002 | O101: =DATE(N101,MONTH(1&M101),L101) -> 37612 | P101: 1391.53 | Q101: tier - 2 | R101: tier - 1 | S101: R1013 | T101: =YEAR(TODAY())-YEAR(O101) -> 24 | U101: =VLOOKUP($A101,'Medical Examination'!$A:$Z,2,FALSE) -> 48.2
A102: Id101 | B102: Benestad, | C102: 35.75 | D102: Yes | E102: Yes | F102: No | G102: No | H102: 0 | I102: Yes | J102: =IF(C102<18.5,"Under Weight",IF(C102<25,"Normal Weight",IF(C102<30,"Over weight","Obesity"))) -> Obesity | K102: =IF(D102<5.7,"Normal",IF(D102<6.5,"Prediabetes","Diabetes")) -> Diabetes | L102: 5 | M102: Sep | N102: 1998 | O102: =DATE(N102,MONTH(1&M102),L102) -> 36043 | P102: 1400.44 | Q102: tier - 2 | R102: tier - 2 | S102: R1013 | T102: =YEAR(TODAY())-YEAR(O102) -> 28 | U102: =VLOOKUP($A102,'Medical Examination'!$A:$Z,2,FALSE) -> 35.75
A103: Id102 | B103: Aviv, | C103: 53.81 | D103: 8.77 | E103: Yes | F103: No | G103: No | H103: 0 | I103: Yes | J103: =IF(C103<18.5,"Under Weight",IF(C103<25,"Normal Weight",IF(C103<30,"Over weight","Obesity"))) -> Obesity | K103: =IF(D103<5.7,"Normal",IF(D103<6.5,"Prediabetes","Diabetes")) -> Diabetes | L103: 27 | M103: Oct | N103: 1997 | O103: =DATE(N103,MONTH(1&M103),L103) -> 35730 | P103: 1402 | Q103: tier - 2 | R103: tier - 3 | S103: R1011 | T103: =YEAR(TODAY())-YEAR(O103) -> 29 | U103: =VLOOKUP($A103,'Medical Examination'!$A:$Z,2,FALSE) -> 53.81
A104: Id103 | B104: Burns, | C104: 49.48 | D104: 4.96 | E104: No | F104: No | G104: Yes | H104: 1 | I104: Yes | J104: =IF(C104<18.5,"Under Weight",IF(C104<25,"Normal Weight",IF(C104<30,"Over weight","Obesity"))) -> Obesity | K104: =IF(D104<5.7,"Normal",IF(D104<6.5,"Prediabetes","Diabetes")) -> Normal | L104: 23 | M104: Jun | N104: 1996 | O104: =DATE(N104,MONTH(1&M104),L104) -> 35239 | P104: 1417 | Q104: tier - 2 | R104: tier - 3 | S104: R1013 | T104: =YEAR(TODAY())-YEAR(O104) -> 30 | U104: =VLOOKUP($A104,'Medical Examination'!$A:$Z,2,FALSE) -> 49.48
A105: Id104 | B105: Maldonado, | C105: 34.1 | D105: 4.43 | E105: Yes | F105: No | G105: No | H105: 0 | I105: Yes | J105: =IF(C105<18.5,"Under Weight",IF(C105<25,"Normal Weight",IF(C105<30,"Over weight","Obesity"))) -> Obesity | K105: =IF(D105<5.7,"Normal",IF(D105<6.5,"Prediabetes","Diabetes")) -> Normal | L105: 23 | M105: Aug | N105: 2001 | O105: =DATE(N105,MONTH(1&M105),L105) -> 37126 | P105: 1421 | Q105: tier - 2 | R105: tier - 2 | S105: R1013 | T105: =YEAR(TODAY())-YEAR(O105) -> 25 | U105: =VLOOKUP($A105,'Medical Examination'!$A:$Z,2,FALSE) -> 34.1
A106: Id105 | B106: Yitref, | C106: 35.3 | D106: 5.82 | E106: Yes | F106: No | G106: Yes | H106: 1 | I106: Yes | J106: =IF(C106<18.5,"Under Weight",IF(C106<25,"Normal Weight",IF(C106<30,"Over weight","Obesity"))) -> Obesity | K106: =IF(D106<5.7,"Normal",IF(D106<6.5,"Prediabetes","Diabetes")) -> Prediabetes | L106: 5 | M106: Dec | N106: 1997 | O106: =DATE(N106,MONTH(1&M106),L106) -> 35769 | P106: 1422 | Q106: tier - 2 | R106: tier - 2 | S106: R1013 | T106: =YEAR(TODAY())-YEAR(O106) -> 29 | U106: =VLOOKUP($A106,'Medical Examination'!$A:$Z,2,FALSE) -> 35.3
A107: Id106 | B107: Loudon-Brown, | C107: 43.83 | D107: 6.03 | E107: Yes | F107: No | G107: No | H107: 1 | I107: Yes | J107: =IF(C107<18.5,"Under Weight",IF(C107<25,"Normal Weight",IF(C107<30,"Over weight","Obesity"))) -> Obesity | K107: =IF(D107<5.7,"Normal",IF(D107<6.5,"Prediabetes","Diabetes")) -> Prediabetes | L107: 1 | M107: Sep | N107: 2000 | O107: =DATE(N107,MONTH(1&M107),L107) -> 36770 | P107: 1438 | Q107: tier - 2 | R107: tier - 2 | S107: R1013 | T107: =YEAR(TODAY())-YEAR(O107) -> 26 | U107: =VLOOKUP($A107,'Medical Examination'!$A:$Z,2,FALSE) -> 43.83
A108: Id107 | B108: Sugathadasa, | C108: 50.07 | D108: 9.27 | E108: No | F108: No | G108: No | H108: 0 | I108: Yes | J108: =IF(C108<18.5,"Under Weight",IF(C108<25,"Normal Weight",IF(C108<30,"Over weight","Obesity"))) -> Obesity | K108: =IF(D108<5.7,"Normal",IF(D108<6.5,"Prediabetes","Diabetes")) -> Diabetes | L108: 19 | M108: Jun | N108: 1997 | O108: =DATE(N108,MONTH(1&M108),L108) -> 35600 | P108: 1445 | Q108: tier - 2 | R108: tier - 1 | S108: R1013 | T108: =YEAR(TODAY())-YEAR(O108) -> 29 | U108: =VLOOKUP($A108,'Medical Examination'!$A:$Z,2,FALSE) -> 50.07
A109: Id108 | B109: Ganley, | C109: 32.775 | D109: 5.53 | E109: No | F109: No | G109: No | H109: 0 | I109: Yes | J109: =IF(C109<18.5,"Under Weight",IF(C109<25,"Normal Weight",IF(C109<30,"Over weight","Obesity"))) -> Obesity | K109: =IF(D109<5.7,"Normal",IF(D109<6.5,"Prediabetes","Diabetes")) -> Normal | L109: 20 | M109: Jun | N109: 2003 | O109: =DATE(N109,MONTH(1&M109),L109) -> 37792 | P109: 1467 | Q109: tier - 2 | R109: tier - 2 | S109: R1013 | T109: =YEAR(TODAY())-YEAR(O109) -> 23 | U109: =VLOOKUP($A109,'Medical Examination'!$A:$Z,2,FALSE) -> 32.775
A110: Id109 | B110: Potter, | C110: 34.105 | D110: 5.07 | E110: No | F110: No | G110: No | H110: 1 | I110: Yes | J110: =IF(C110<18.5,"Under Weight",IF(C110<25,"Normal Weight",IF(C110<30,"Over weight","Obesity"))) -> Obesity | K110: =IF(D110<5.7,"Normal",IF(D110<6.5,"Prediabetes","Diabetes")) -> Normal | L110: 7 | M110: Dec | N110: 1998 | O110: =DATE(N110,MONTH(1&M110),L110) -> 36136 | P110: 1477 | Q110: tier - 2 | R110: tier - 1 | S110: R1013 | T110: =YEAR(TODAY())-YEAR(O110) -> 28 | U110: =VLOOKUP($A110,'Medical Examination'!$A:$Z,2,FALSE) -> 34.105
A111: Id110 | B111: Rasmussen, | C111: 48.93 | D111: 11.17 | E111: Yes | F111: No | G111: No | H111: 1 | I111: Yes | J111: =IF(C111<18.5,"Under Weight",IF(C111<25,"Normal Weight",IF(C111<30,"Over weight","Obesity"))) -> Obesity | K111: =IF(D111<5.7,"Normal",IF(D111<6.5,"Prediabetes","Diabetes")) -> Diabetes | L111: 9 | M111: Jun | N111: 1997 | O111: =DATE(N111,MONTH(1&M111),L111) -> 35590 | P111: 1481 | Q111: tier - 2 | R111: tier - 1 | S111: R1012 | T111: =YEAR(TODAY())-YEAR(O111) -> 29 | U111: =VLOOKUP($A111,'Medical Examination'!$A:$Z,2,FALSE) -> 48.93
A112: Id111 | B112: Robinson, | C112: 37.07 | D112: 6.14 | E112: Yes | F112: No | G112: No | H112: 0 | I112: Yes | J112: =IF(C112<18.5,"Under Weight",IF(C112<25,"Normal Weight",IF(C112<30,"Over weight","Obesity"))) -> Obesity | K112: =IF(D112<5.7,"Normal",IF(D112<6.5,"Prediabetes","Diabetes")) -> Prediabetes | L112: 7 | M112: Oct | N112: 1995 | O112: =DATE(N112,MONTH(1&M112),L112) -> 34979 | P112: 1493 | Q112: tier - 2 | R112: tier - 3 | S112: R1013 | T112: =YEAR(TODAY())-YEAR(O112) -> 31 | U112: =VLOOKUP($A112,'Medical Examination'!$A:$Z,2,FALSE) -> 37.07
A113: Id112 | B113: Antonopoulos, | C113: 51.51 | D113: 6.26 | E113: Yes | F113: No | G113: Yes | H113: 1 | I113: Yes | J113: =IF(C113<18.5,"Under Weight",IF(C113<25,"Normal Weight",IF(C113<30,"Over weight","Obesity"))) -> Obesity | K113: =IF(D113<5.7,"Normal",IF(D113<6.5,"Prediabetes","Diabetes")) -> Prediabetes | L113: 19 | M113: Jun | N113: 1998 | O113: =DATE(N113,MONTH(1&M113),L113) -> 35965 | P113: 1497 | Q113: tier - 2 | R113: tier - 2 | S113: R1013 | T113: =YEAR(TODAY())-YEAR(O113) -> 28 | U113: =VLOOKUP($A113,'Medical Examination'!$A:$Z,2,FALSE) -> 51.51
A114: Id113 | B114: Groner, | C114: 34.8 | D114: 4.72 | E114: Yes | F114: No | G114: No | H114: 0 | I114: Yes | J114: =IF(C114<18.5,"Under Weight",IF(C114<25,"Normal Weight",IF(C114<30,"Over weight","Obesity"))) -> Obesity | K114: =IF(D114<5.7,"Normal",IF(D114<6.5,"Prediabetes","Diabetes")) -> Normal | L114: 25 | M114: Aug | N114: 2001 | O114: =DATE(N114,MONTH(1&M114),L114) -> 37128 | P114: 1515.34 | Q114: tier - 2 | R114: tier - 3 | S114: R1013 | T114: =YEAR(TODAY())-YEAR(O114) -> 25 | U114: =VLOOKUP($A114,'Medical Examination'!$A:$Z,2,FALSE) -> 34.8
... A167: Id166 | B167: Wittmann, | C167: 37.87 | D167: 4.29 | E167: Yes | F167: No | G167: Yes | H167: 1 | I167: Yes | J167: =IF(C167<18.5,"Under Weight",IF(C167<25,"Normal Weight",IF(C167<30,"Over weight","Obesity"))) -> Obesity | K167: =IF(D167<5.7,"Normal",IF(D167<6.5,"Prediabetes","Diabetes")) -> Normal | L167: 19 | M167: Aug | N167: 2004 | O167: =DATE(N167,MONTH(1&M167),L167) -> 38218 | P167: 1822.54 | Q167: tier - 3 | R167: tier - 1 | S167: R1012 | T167: =YEAR(TODAY())-YEAR(O167) -> 22 | U167: =VLOOKUP($A167,'Medical Examination'!$A:$Z,2,FALSE) -> 37.87
A168: Id167 | B168: Tremblay, | C168: 40.61 | D168: Yes | E168: Yes | F168: No | G168: No | H168: 1 | I168: Yes | J168: =IF(C168<18.5,"Under Weight",IF(C168<25,"Normal Weight",IF(C168<30,"Over weight","Obesity"))) -> Obesity | K168: =IF(D168<5.7,"Normal",IF(D168<6.5,"Prediabetes","Diabetes")) -> Diabetes | L168: 17 | M168: Nov | N168: 1999 | O168: =DATE(N168,MONTH(1&M168),L168) -> 36481 | P168: 1824.29 | Q168: tier - 3 | R168: tier - 3 | S168: R1013 | T168: =YEAR(TODAY())-YEAR(O168) -> 27 | U168: =VLOOKUP($A168,'Medical Examination'!$A:$Z,2,FALSE) -> 40.61
A169: Id168 | B169: Scofield, | C169: 30.78 | D169: 4.67 | E169: Yes | F169: No | G169: No | H169: 0 | I169: Yes | J169: =IF(C169<18.5,"Under Weight",IF(C169<25,"Normal Weight",IF(C169<30,"Over weight","Obesity"))) -> Obesity | K169: =IF(D169<5.7,"Normal",IF(D169<6.5,"Prediabetes","Diabetes")) -> Normal | L169: 1 | M169: Oct | N169: 1999 | O169: =DATE(N169,MONTH(1&M169),L169) -> 36434 | P169: 1826.84 | Q169: tier - 3 | R169: tier - 2 | S169: R1011 | T169: =YEAR(TODAY())-YEAR(O169) -> 27 | U169: =VLOOKUP($A169,'Medical Examination'!$A:$Z,2,FALSE) -> 30.78
A170: Id169 | B170: Yost, | C170: 49.49 | D170: 4.5 | E170: No | F170: No | G170: No | H170: 0 | I170: Yes | J170: =IF(C170<18.5,"Under Weight",IF(C170<25,"Normal Weight",IF(C170<30,"Over weight","Obesity"))) -> Obesity | K170: =IF(D170<5.7,"Normal",IF(D170<6.5,"Prediabetes","Diabetes")) -> Normal | L170: 11 | M170: Aug | N170: 2003 | O170: =DATE(N170,MONTH(1&M170),L170) -> 37844 | P170: 1832.09 | Q170: tier - 3 | R170: tier - 3 | S170: R1011 | T170: =YEAR(TODAY())-YEAR(O170) -> 23 | U170: =VLOOKUP($A170,'Medical Examination'!$A:$Z,2,FALSE) -> 49.49
A171: Id170 | B171: Torphy, | C171: 37.62 | D171: 6.32 | E171: Yes | F171: yes | G171: No | H171: 1 | I171: Yes | J171: =IF(C171<18.5,"Under Weight",IF(C171<25,"Normal Weight",IF(C171<30,"Over weight","Obesity"))) -> Obesity | K171: =IF(D171<5.7,"Normal",IF(D171<6.5,"Prediabetes","Diabetes")) -> Prediabetes | L171: 4 | M171: Aug | N171: 2003 | O171: =DATE(N171,MONTH(1&M171),L171) -> 37837 | P171: 1837.24 | Q171: tier - 3 | R171: tier - 2 | S171: R1011 | T171: =YEAR(TODAY())-YEAR(O171) -> 23 | U171: =VLOOKUP($A171,'Medical Examination'!$A:$Z,2,FALSE) -> 37.62
A172: Id171 | B172: Busby, | C172: 36.08 | D172: 6.1 | E172: Yes | F172: No | G172: No | H172: 1 | I172: Yes | J172: =IF(C172<18.5,"Under Weight",IF(C172<25,"Normal Weight",IF(C172<30,"Over weight","Obesity"))) -> Obesity | K172: =IF(D172<5.7,"Normal",IF(D172<6.5,"Prediabetes","Diabetes")) -> Prediabetes | L172: 12 | M172: Dec | N172: 1999 | O172: =DATE(N172,MONTH(1&M172),L172) -> 36506 | P172: 1837.28 | Q172: tier - 3 | R172: tier - 2 | S172: R1013 | T172: =YEAR(TODAY())-YEAR(O172) -> 27 | U172: =VLOOKUP($A172,'Medical Examination'!$A:$Z,2,FALSE) -> 36.08
A173: Id172 | B173: Nguyen, | C173: 33.5 | D173: 5.4 | E173: No | F173: No | G173: No | H173: 0 | I173: Yes | J173: =IF(C173<18.5,"Under Weight",IF(C173<25,"Normal Weight",IF(C173<30,"Over weight","Obesity"))) -> Obesity | K173: =IF(D173<5.7,"Normal",IF(D173<6.5,"Prediabetes","Diabetes")) -> Normal | L173: 20 | M173: Jul | N173: 2003 | O173: =DATE(N173,MONTH(1&M173),L173) -> 37822 | P173: 1842.52 | Q173: tier - 3 | R173: tier - 2 | S173: R1011 | T173: =YEAR(TODAY())-YEAR(O173) -> 23 | U173: =VLOOKUP($A173,'Medical Examination'!$A:$Z,2,FALSE) -> 33.5
A174: Id173 | B174: Hanley, | C174: 47.46 | D174: 6.24 | E174: Yes | F174: No | G174: No | H174: 1 | I174: Yes | J174: =IF(C174<18.5,"Under Weight",IF(C174<25,"Normal Weight",IF(C174<30,"Over weight","Obesity"))) -> Obesity | K174: =IF(D174<5.7,"Normal",IF(D174<6.5,"Prediabetes","Diabetes")) -> Prediabetes | L174: 6 | M174: Dec | N174: 1994 | O174: =DATE(N174,MONTH(1&M174),L174) -> 34674 | P174: 1850.55 | Q174: tier - 3 | R174: tier - 2 | S174: R1012 | T174: =YEAR(TODAY())-YEAR(O174) -> 32 | U174: =VLOOKUP($A174,'Medical Examination'!$A:$Z,2,FALSE) -> 47.46
A175: Id174 | B175: Scheer, | C175: 49.24 | D175: 4.45 | E175: No | F175: No | G175: No | H175: 0 | I175: Yes | J175: =IF(C175<18.5,"Under Weight",IF(C175<25,"Normal Weight",IF(C175<30,"Over weight","Obesity"))) -> Obesity | K175: =IF(D175<5.7,"Normal",IF(D175<6.5,"Prediabetes","Diabetes")) -> Normal | L175: 27 | M175: Dec | N175: 2004 | O175: =DATE(N175,MONTH(1&M175),L175) -> 38348 | P175: 1863.45 | Q175: tier - 3 | R175: tier - 1 | S175: R1025 | T175: =YEAR(TODAY())-YEAR(O175) -> 22 | U175: =VLOOKUP($A175,'Medical Examination'!$A:$Z,2,FALSE) -> 49.24
A176: Id175 | B176: Rankin, | C176: 54.4 | D176: 5.22 | E176: No | F176: No | G176: No | H176: 1 | I176: Yes | J176: =IF(C176<18.5,"Under Weight",IF(C176<25,"Normal Weight",IF(C176<30,"Over weight","Obesity"))) -> Obesity | K176: =IF(D176<5.7,"Normal",IF(D176<6.5,"Prediabetes","Diabetes")) -> Normal | L176: 2 | M176: Jul | N176: 1996 | O176: =DATE(N176,MONTH(1&M176),L176) -> 35248 | P176: 1865.98 | Q176: tier - 3 | R176: tier - 3 | S176: R1012 | T176: =YEAR(TODAY())-YEAR(O176) -> 30 | U176: =VLOOKUP($A176,'Medical Examination'!$A:$Z,2,FALSE) -> 54.4
A177: Id176 | B177: Ricardi, | C177: 35.53 | D177: 4.61 | E177: No | F177: No | G177: No | H177: 1 | I177: Yes | J177: =IF(C177<18.5,"Under Weight",IF(C177<25,"Normal Weight",IF(C177<30,"Over weight","Obesity"))) -> Obesity | K177: =IF(D177<5.7,"Normal",IF(D177<6.5,"Prediabetes","Diabetes")) -> Normal | L177: 22 | M177: Sep | N177: 2002 | O177: =DATE(N177,MONTH(1&M177),L177) -> 37521 | P177: 1875.34 | Q177: tier - 3 | R177: tier - 2 | S177: R1011 | T177: =YEAR(TODAY())-YEAR(O177) -> 24 | U177: =VLOOKUP($A177,'Medical Examination'!$A:$Z,2,FALSE) -> 35.53
A178: Id177 | B178: Karkos, | C178: 39.73 | D178: 6.24 | E178: No | F178: No | G178: No | H178: 0 | I178: Yes | J178: =IF(C178<18.5,"Under Weight",IF(C178<25,"Normal Weight",IF(C178<30,"Over weight","Obesity"))) -> Obesity | K178: =IF(D178<5.7,"Normal",IF(D178<6.5,"Prediabetes","Diabetes")) -> Prediabetes | L178: 29 | M178: Oct | N178: 2002 | O178: =DATE(N178,MONTH(1&M178),L178) -> 37558 | P178: 1877.93 | Q178: tier - 3 | R178: tier - 1 | S178: R1013 | T178: =YEAR(TODAY())-YEAR(O178) -> 24 | U178: =VLOOKUP($A178,'Medical Examination'!$A:$Z,2,FALSE) -> 39.73
A179: Id178 | B179: Price-Dierksen, | C179: 35.68 | D179: 10.04 | E179: No | F179: No | G179: No | H179: 0 | I179: Yes | J179: =IF(C179<18.5,"Under Weight",IF(C179<25,"Normal Weight",IF(C179<30,"Over weight","Obesity"))) -> Obesity | K179: =IF(D179<5.7,"Normal",IF(D179<6.5,"Prediabetes","Diabetes")) -> Diabetes | L179: 29 | M179: Aug | N179: 2002 | O179: =DATE(N179,MONTH(1&M179),L179) -> 37497 | P179: 1880.07 | Q179: tier - 3 | R179: tier - 2 | S179: R1013 | T179: =YEAR(TODAY())-YEAR(O179) -> 24 | U179: =VLOOKUP($A179,'Medical Examination'!$A:$Z,2,FALSE) -> 35.68
A180: Id179 | B180: Knispel, | C180: 48.86 | D180: 6.09 | E180: No | F180: No | G180: No | H180: 0 | I180: Yes | J180: =IF(C180<18.5,"Under Weight",IF(C180<25,"Normal Weight",IF(C180<30,"Over weight","Obesity"))) -> Obesity | K180: =IF(D180<5.7,"Normal",IF(D180<6.5,"Prediabetes","Diabetes")) -> Prediabetes | L180: 21 | M180: Aug | N180: 2002 | O180: =DATE(N180,MONTH(1&M180),L180) -> 37489 | P180: 1880.49 | Q180: tier - 3 | R180: tier - 1 | S180: R1011 | T180: =YEAR(TODAY())-YEAR(O180) -> 24 | U180: =VLOOKUP($A180,'Medical Examination'!$A:$Z,2,FALSE) -> 48.86
... A362: Id361 | B362: Arcand, | C362: 36.1 | D362: 11.39 | E362: Yes | F362: No | G362: No | H362: 1 | I362: No | J362: =IF(C362<18.5,"Under Weight",IF(C362<25,"Normal Weight",IF(C362<30,"Over weight","Obesity"))) -> Obesity | K362: =IF(D362<5.7,"Normal",IF(D362<6.5,"Prediabetes","Diabetes")) -> Diabetes | L362: 27 | M362: Oct | N362: 1996 | O362: =DATE(N362,MONTH(1&M362),L362) -> 35365 | P362: 3392.98 | Q362: tier - 2 | R362: tier - 3 | S362: R1013 | T362: =YEAR(TODAY())-YEAR(O362) -> 30 | U362: =VLOOKUP($A362,'Medical Examination'!$A:$Z,2,FALSE) -> 36.1
A363: Id362 | B363: Kesack, | C363: 22.77 | D363: Yes | E363: No | F363: No | G363: No | H363: 0 | I363: Yes | J363: =IF(C363<18.5,"Under Weight",IF(C363<25,"Normal Weight",IF(C363<30,"Over weight","Obesity"))) -> Normal Weight | K363: =IF(D363<5.7,"Normal",IF(D363<6.5,"Prediabetes","Diabetes")) -> Diabetes | L363: 16 | M363: Jul | N363: 2004 | O363: =DATE(N363,MONTH(1&M363),L363) -> 38184 | P363: 3393.36 | Q363: tier - 2 | R363: tier - 2 | S363: R1023 | T363: =YEAR(TODAY())-YEAR(O363) -> 22 | U363: =VLOOKUP($A363,'Medical Examination'!$A:$Z,2,FALSE) -> 22.77
A364: Id363 | B364: Post, | C364: 21.24 | D364: 5.13 | E364: No | F364: No | G364: No | H364: 0 | I364: Yes | J364: =IF(C364<18.5,"Under Weight",IF(C364<25,"Normal Weight",IF(C364<30,"Over weight","Obesity"))) -> Normal Weight | K364: =IF(D364<5.7,"Normal",IF(D364<6.5,"Prediabetes","Diabetes")) -> Normal | L364: 19 | M364: Dec | N364: 1996 | O364: =DATE(N364,MONTH(1&M364),L364) -> 35418 | P364: 3410.32 | Q364: tier - 2 | R364: tier - 2 | S364: R1011 | T364: =YEAR(TODAY())-YEAR(O364) -> 30 | U364: =VLOOKUP($A364,'Medical Examination'!$A:$Z,2,FALSE) -> 21.24
A365: Id364 | B365: Dunne, | C365: 17.6 | D365: 5.26 | E365: Yes | F365: No | G365: No | H365: 0 | I365: Yes | J365: =IF(C365<18.5,"Under Weight",IF(C365<25,"Normal Weight",IF(C365<30,"Over weight","Obesity"))) -> Under Weight | K365: =IF(D365<5.7,"Normal",IF(D365<6.5,"Prediabetes","Diabetes")) -> Normal | L365: 26 | M365: Dec | N365: 2001 | O365: =DATE(N365,MONTH(1&M365),L365) -> 37251 | P365: 3434.38 | Q365: tier - 2 | R365: tier - 2 | S365: R1011 | T365: =YEAR(TODAY())-YEAR(O365) -> 25 | U365: =VLOOKUP($A365,'Medical Examination'!$A:$Z,2,FALSE) -> 17.6
A366: Id365 | B366: Kilel, | C366: 26.29 | D366: 6.84 | E366: No | F366: No | G366: No | H366: 0 | I366: Yes | J366: =IF(C366<18.5,"Under Weight",IF(C366<25,"Normal Weight",IF(C366<30,"Over weight","Obesity"))) -> Over weight | K366: =IF(D366<5.7,"Normal",IF(D366<6.5,"Prediabetes","Diabetes")) -> Diabetes | L366: 27 | M366: Aug | N366: 1986 | O366: =DATE(N366,MONTH(1&M366),L366) -> 31651 | P366: 3436.5 | Q366: tier - 2 | R366: tier - 1 | S366: R1013 | T366: =YEAR(TODAY())-YEAR(O366) -> 40 | U366: =VLOOKUP($A366,'Medical Examination'!$A:$Z,2,FALSE) -> 26.29
A367: Id366 | B367: Nicholson, | C367: 35.31 | D367: 9.04 | E367: No | F367: No | G367: No | H367: 0 | I367: No | J367: =IF(C367<18.5,"Under Weight",IF(C367<25,"Normal Weight",IF(C367<30,"Over weight","Obesity"))) -> Obesity | K367: =IF(D367<5.7,"Normal",IF(D367<6.5,"Prediabetes","Diabetes")) -> Diabetes | L367: 20 | M367: Jun | N367: 2000 | O367: =DATE(N367,MONTH(1&M367),L367) -> 36697 | P367: 3443.06 | Q367: tier - 2 | R367: tier - 1 | S367: R1011 | T367: =YEAR(TODAY())-YEAR(O367) -> 26 | U367: =VLOOKUP($A367,'Medical Examination'!$A:$Z,2,FALSE) -> 35.31
A368: Id367 | B368: Susmann, | C368: 27.04 | D368: 4.1 | E368: No | F368: No | G368: No | H368: 1 | I368: Yes | J368: =IF(C368<18.5,"Under Weight",IF(C368<25,"Normal Weight",IF(C368<30,"Over weight","Obesity"))) -> Over weight | K368: =IF(D368<5.7,"Normal",IF(D368<6.5,"Prediabetes","Diabetes")) -> Normal | L368: 14 | M368: Sep | N368: 1987 | O368: =DATE(N368,MONTH(1&M368),L368) -> 32034 | P368: 3453.77 | Q368: tier - 2 | R368: tier - 1 | S368: R1011 | T368: =YEAR(TODAY())-YEAR(O368) -> 39 | U368: =VLOOKUP($A368,'Medical Examination'!$A:$Z,2,FALSE) -> 27.04
A369: Id368 | B369: Harsh, | C369: 30.23 | D369: 4.23 | E369: Yes | F369: No | G369: Yes | H369: 1 | I369: Yes | J369: =IF(C369<18.5,"Under Weight",IF(C369<25,"Normal Weight",IF(C369<30,"Over weight","Obesity"))) -> Obesity | K369: =IF(D369<5.7,"Normal",IF(D369<6.5,"Prediabetes","Diabetes")) -> Normal | L369: 29 | M369: Jul | N369: 2003 | O369: =DATE(N369,MONTH(1&M369),L369) -> 37831 | P369: 3463.51 | Q369: tier - 2 | R369: tier - 1 | S369: R1025 | T369: =YEAR(TODAY())-YEAR(O369) -> 23 | U369: =VLOOKUP($A369,'Medical Examination'!$A:$Z,2,FALSE) -> 30.23
A370: Id369 | B370: Pocasangre, | C370: 30.6 | D370: 6.48 | E370: Yes | F370: No | G370: Yes | H370: 1 | I370: Yes | J370: =IF(C370<18.5,"Under Weight",IF(C370<25,"Normal Weight",IF(C370<30,"Over weight","Obesity"))) -> Obesity | K370: =IF(D370<5.7,"Normal",IF(D370<6.5,"Prediabetes","Diabetes")) -> Prediabetes | L370: 12 | M370: Oct | N370: 1993 | O370: =DATE(N370,MONTH(1&M370),L370) -> 34254 | P370: 3471.41 | Q370: tier - 2 | R370: tier - 2 | S370: R1013 | T370: =YEAR(TODAY())-YEAR(O370) -> 33 | U370: =VLOOKUP($A370,'Medical Examination'!$A:$Z,2,FALSE) -> 30.6
A371: Id370 | B371: Martinez | C371: 26.8 | D371: 5.53 | E371: No | F371: No | G371: No | H371: 1 | I371: Yes | J371: =IF(C371<18.5,"Under Weight",IF(C371<25,"Normal Weight",IF(C371<30,"Over weight","Obesity"))) -> Over weight | K371: =IF(D371<5.7,"Normal",IF(D371<6.5,"Prediabetes","Diabetes")) -> Normal | L371: 26 | M371: Jun | N371: 2004 | O371: =DATE(N371,MONTH(1&M371),L371) -> 38164 | P371: 3481.87 | Q371: tier - 2 | R371: tier - 3 | S371: R1016 | T371: =YEAR(TODAY())-YEAR(O371) -> 22 | U371: =VLOOKUP($A371,'Medical Examination'!$A:$Z,2,FALSE) -> 26.8
A372: Id371 | B372: Riegel, | C372: 16.86 | D372: 4.07 | E372: Yes | F372: No | G372: No | H372: 0 | I372: Yes | J372: =IF(C372<18.5,"Under Weight",IF(C372<25,"Normal Weight",IF(C372<30,"Over weight","Obesity"))) -> Under Weight | K372: =IF(D372<5.7,"Normal",IF(D372<6.5,"Prediabetes","Diabetes")) -> Normal | L372: 19 | M372: Sep | N372: 1996 | O372: =DATE(N372,MONTH(1&M372),L372) -> 35327 | P372: 3484.33 | Q372: tier - 3 | R372: tier - 3 | S372: R1011 | T372: =YEAR(TODAY())-YEAR(O372) -> 30 | U372: =VLOOKUP($A372,'Medical Examination'!$A:$Z,2,FALSE) -> 16.86
A373: Id372 | B373: Monson, | C373: 16.3 | D373: 5.51 | E373: No | F373: No | G373: No | H373: 1 | I373: Yes | J373: =IF(C373<18.5,"Under Weight",IF(C373<25,"Normal Weight",IF(C373<30,"Over weight","Obesity"))) -> Under Weight | K373: =IF(D373<5.7,"Normal",IF(D373<6.5,"Prediabetes","Diabetes")) -> Normal | L373: 18 | M373: Sep | N373: 1996 | O373: =DATE(N373,MONTH(1&M373),L373) -> 35326 | P373: 3490.55 | Q373: tier - 1 | R373: tier - 2 | S373: R1015 | T373: =YEAR(TODAY())-YEAR(O373) -> 30 | U373: =VLOOKUP($A373,'Medical Examination'!$A:$Z,2,FALSE) -> 16.3
A374: Id373 | B374: Klubben, | C374: 29.81 | D374: 11.66 | E374: No | F374: No | G374: No | H374: 0 | I374: Yes | J374: =IF(C374<18.5,"Under Weight",IF(C374<25,"Normal Weight",IF(C374<30,"Over weight","Obesity"))) -> Over weight | K374: =IF(D374<5.7,"Normal",IF(D374<6.5,"Prediabetes","Diabetes")) -> Diabetes | L374: 22 | M374: Sep | N374: 1999 | O374: =DATE(N374,MONTH(1&M374),L374) -> 36425 | P374: 3500.61 | Q374: tier - 2 | R374: tier - 2 | S374: R1013 | T374: =YEAR(TODAY())-YEAR(O374) -> 27 | U374: =VLOOKUP($A374,'Medical Examination'!$A:$Z,2,FALSE) -> 29.81
A375: Id374 | B375: Mascaro, | C375: 16.33 | D375: 7.26 | E375: Yes | F375: No | G375: No | H375: 0 | I375: Yes | J375: =IF(C375<18.5,"Under Weight",IF(C375<25,"Normal Weight",IF(C375<30,"Over weight","Obesity"))) -> Under Weight | K375: =IF(D375<5.7,"Normal",IF(D375<6.5,"Prediabetes","Diabetes")) -> Diabetes | L375: 16 | M375: Sep | N375: 1998 | O375: =DATE(N375,MONTH(1&M375),L375) -> 36054 | P375: 3537.7 | Q375: tier - 3 | R375: tier - 3 | S375: R1012 | T375: =YEAR(TODAY())-YEAR(O375) -> 28 | U375: =VLOOKUP($A375,'Medical Examination'!$A:$Z,2,FALSE) -> 16.33
... A587: Id586 | B587: Rotich, | C587: 27.9 | D587: 6.02 | E587: No | F587: No | G587: Yes | H587: 1 | I587: Yes | J587: =IF(C587<18.5,"Under Weight",IF(C587<25,"Normal Weight",IF(C587<30,"Over weight","Obesity"))) -> Over weight | K587: =IF(D587<5.7,"Normal",IF(D587<6.5,"Prediabetes","Diabetes")) -> Prediabetes | L587: 14 | M587: Jul | N587: 1997 | O587: =DATE(N587,MONTH(1&M587),L587) -> 35625 | P587: 5080.1 | Q587: tier - 3 | R587: tier - 2 | S587: R1011 | T587: =YEAR(TODAY())-YEAR(O587) -> 29 | U587: =VLOOKUP($A587,'Medical Examination'!$A:$Z,2,FALSE) -> 27.9
A588: Id587 | B588: Fetzer, | C588: 51.33 | D588: Yes | E588: No | F588: No | G588: No | H588: 0 | I588: No | J588: =IF(C588<18.5,"Under Weight",IF(C588<25,"Normal Weight",IF(C588<30,"Over weight","Obesity"))) -> Obesity | K588: =IF(D588<5.7,"Normal",IF(D588<6.5,"Prediabetes","Diabetes")) -> Diabetes | L588: 19 | M588: Jun | N588: 1999 | O588: =DATE(N588,MONTH(1&M588),L588) -> 36330 | P588: 5087.92 | Q588: tier - 2 | R588: tier - 2 | S588: R1026 | T588: =YEAR(TODAY())-YEAR(O588) -> 27 | U588: =VLOOKUP($A588,'Medical Examination'!$A:$Z,2,FALSE) -> 51.33
A589: Id588 | B589: Mattis, | C589: 30.59 | D589: 5.56 | E589: Yes | F589: No | G589: No | H589: 1 | I589: No | J589: =IF(C589<18.5,"Under Weight",IF(C589<25,"Normal Weight",IF(C589<30,"Over weight","Obesity"))) -> Obesity | K589: =IF(D589<5.7,"Normal",IF(D589<6.5,"Prediabetes","Diabetes")) -> Normal | L589: 18 | M589: Nov | N589: 1987 | O589: =DATE(N589,MONTH(1&M589),L589) -> 32099 | P589: 5116.5 | Q589: tier - 2 | R589: tier - 2 | S589: R1012 | T589: =YEAR(TODAY())-YEAR(O589) -> 39 | U589: =VLOOKUP($A589,'Medical Examination'!$A:$Z,2,FALSE) -> 30.59
A590: Id589 | B590: Cochran, | C590: 39.23 | D590: 8.45 | E590: No | F590: No | G590: No | H590: 0 | I590: No | J590: =IF(C590<18.5,"Under Weight",IF(C590<25,"Normal Weight",IF(C590<30,"Over weight","Obesity"))) -> Obesity | K590: =IF(D590<5.7,"Normal",IF(D590<6.5,"Prediabetes","Diabetes")) -> Diabetes | L590: 1 | M590: Nov | N590: 1988 | O590: =DATE(N590,MONTH(1&M590),L590) -> 32448 | P590: 5124.19 | Q590: tier - 2 | R590: tier - 3 | S590: R1013 | T590: =YEAR(TODAY())-YEAR(O590) -> 38 | U590: =VLOOKUP($A590,'Medical Examination'!$A:$Z,2,FALSE) -> 39.23
A591: Id590 | B591: Balinsky, | C591: 19.095 | D591: 6.19 | E591: No | F591: No | G591: No | H591: 0 | I591: Yes | J591: =IF(C591<18.5,"Under Weight",IF(C591<25,"Normal Weight",IF(C591<30,"Over weight","Obesity"))) -> Normal Weight | K591: =IF(D591<5.7,"Normal",IF(D591<6.5,"Prediabetes","Diabetes")) -> Prediabetes | L591: 13 | M591: Sep | N591: 1987 | O591: =DATE(N591,MONTH(1&M591),L591) -> 32033 | P591: 5125.22 | Q591: tier - 1 | R591: tier - 2 | S591: R1012 | T591: =YEAR(TODAY())-YEAR(O591) -> 39 | U591: =VLOOKUP($A591,'Medical Examination'!$A:$Z,2,FALSE) -> 19.095
A592: Id591 | B592: Reilly, | C592: 49.72 | D592: 7.71 | E592: No | F592: No | G592: No | H592: 0 | I592: No | J592: =IF(C592<18.5,"Under Weight",IF(C592<25,"Normal Weight",IF(C592<30,"Over weight","Obesity"))) -> Obesity | K592: =IF(D592<5.7,"Normal",IF(D592<6.5,"Prediabetes","Diabetes")) -> Diabetes | L592: 15 | M592: Sep | N592: 1988 | O592: =DATE(N592,MONTH(1&M592),L592) -> 32401 | P592: 5136.75 | Q592: tier - 2 | R592: tier - 1 | S592: R1013 | T592: =YEAR(TODAY())-YEAR(O592) -> 38 | U592: =VLOOKUP($A592,'Medical Examination'!$A:$Z,2,FALSE) -> 49.72
A593: Id592 | B593: Johnson, | C593: 21.755 | D593: 4.63 | E593: No | F593: No | G593: Yes | H593: 1 | I593: Yes | J593: =IF(C593<18.5,"Under Weight",IF(C593<25,"Normal Weight",IF(C593<30,"Over weight","Obesity"))) -> Normal Weight | K593: =IF(D593<5.7,"Normal",IF(D593<6.5,"Prediabetes","Diabetes")) -> Normal | L593: 10 | M593: Dec | N593: 1993 | O593: =DATE(N593,MONTH(1&M593),L593) -> 34313 | P593: 5138.26 | Q593: tier - 2 | R593: tier - 2 | S593: R1013 | T593: =YEAR(TODAY())-YEAR(O593) -> 33 | U593: =VLOOKUP($A593,'Medical Examination'!$A:$Z,2,FALSE) -> 21.755
A594: Id593 | B594: Petry, | C594: 48.39 | D594: 4.61 | E594: No | F594: No | G594: No | H594: 0 | I594: No | J594: =IF(C594<18.5,"Under Weight",IF(C594<25,"Normal Weight",IF(C594<30,"Over weight","Obesity"))) -> Obesity | K594: =IF(D594<5.7,"Normal",IF(D594<6.5,"Prediabetes","Diabetes")) -> Normal | L594: 22 | M594: Aug | N594: 1984 | O594: =DATE(N594,MONTH(1&M594),L594) -> 30916 | P594: 5144.18 | Q594: tier - 2 | R594: tier - 1 | S594: R1013 | T594: =YEAR(TODAY())-YEAR(O594) -> 42 | U594: =VLOOKUP($A594,'Medical Examination'!$A:$Z,2,FALSE) -> 48.39
A595: Id594 | B595: Laleman, | C595: 47.15 | D595: 9.53 | E595: Yes | F595: No | G595: No | H595: 1 | I595: No | J595: =IF(C595<18.5,"Under Weight",IF(C595<25,"Normal Weight",IF(C595<30,"Over weight","Obesity"))) -> Obesity | K595: =IF(D595<5.7,"Normal",IF(D595<6.5,"Prediabetes","Diabetes")) -> Diabetes | L595: 22 | M595: Aug | N595: 1990 | O595: =DATE(N595,MONTH(1&M595),L595) -> 33107 | P595: 5148.55 | Q595: tier - 2 | R595: tier - 2 | S595: R1024 | T595: =YEAR(TODAY())-YEAR(O595) -> 36 | U595: =VLOOKUP($A595,'Medical Examination'!$A:$Z,2,FALSE) -> 47.15
A596: Id595 | B596: Colby, | C596: 47.59 | D596: 11.43 | E596: Yes | F596: No | G596: No | H596: 1 | I596: No | J596: =IF(C596<18.5,"Under Weight",IF(C596<25,"Normal Weight",IF(C596<30,"Over weight","Obesity"))) -> Obesity | K596: =IF(D596<5.7,"Normal",IF(D596<6.5,"Prediabetes","Diabetes")) -> Diabetes | L596: 9 | M596: Oct | N596: 1990 | O596: =DATE(N596,MONTH(1&M596),L596) -> 33155 | P596: 5152.13 | Q596: tier - 2 | R596: tier - 2 | S596: R1011 | T596: =YEAR(TODAY())-YEAR(O596) -> 36 | U596: =VLOOKUP($A596,'Medical Examination'!$A:$Z,2,FALSE) -> 47.59
A597: Id596 | B597: Wathke, | C597: 39.81 | D597: 7.65 | E597: Yes | F597: No | G597: Yes | H597: 1 | I597: No | J597: =IF(C597<18.5,"Under Weight",IF(C597<25,"Normal Weight",IF(C597<30,"Over weight","Obesity"))) -> Obesity | K597: =IF(D597<5.7,"Normal",IF(D597<6.5,"Prediabetes","Diabetes")) -> Diabetes | L597: 29 | M597: Aug | N597: 1991 | O597: =DATE(N597,MONTH(1&M597),L597) -> 33479 | P597: 5166.96 | Q597: tier - 2 | R597: tier - 2 | S597: R1012 | T597: =YEAR(TODAY())-YEAR(O597) -> 35 | U597: =VLOOKUP($A597,'Medical Examination'!$A:$Z,2,FALSE) -> 39.81
A598: Id597 | B598: Daly, | C598: 31.02 | D598: 5.87 | E598: Yes | F598: No | G598: No | H598: 0 | I598: No | J598: =IF(C598<18.5,"Under Weight",IF(C598<25,"Normal Weight",IF(C598<30,"Over weight","Obesity"))) -> Obesity | K598: =IF(D598<5.7,"Normal",IF(D598<6.5,"Prediabetes","Diabetes")) -> Prediabetes | L598: 16 | M598: Oct | N598: 1984 | O598: =DATE(N598,MONTH(1&M598),L598) -> 30971 | P598: 5177.12 | Q598: tier - 2 | R598: tier - 1 | S598: R1013 | T598: =YEAR(TODAY())-YEAR(O598) -> 42 | U598: =VLOOKUP($A598,'Medical Examination'!$A:$Z,2,FALSE) -> 31.02
A599: Id598 | B599: Dillon, | C599: 24.75 | D599: 4.36 | E599: Yes | F599: No | G599: No | H599: 1 | I599: Yes | J599: =IF(C599<18.5,"Under Weight",IF(C599<25,"Normal Weight",IF(C599<30,"Over weight","Obesity"))) -> Normal Weight | K599: =IF(D599<5.7,"Normal",IF(D599<6.5,"Prediabetes","Diabetes")) -> Normal | L599: 12 | M599: Sep | N599: 1979 | O599: =DATE(N599,MONTH(1&M599),L599) -> 29110 | P599: 5195.58 | Q599: tier - 2 | R599: tier - 2 | S599: R1013 | T599: =YEAR(TODAY())-YEAR(O599) -> 47 | U599: =VLOOKUP($A599,'Medical Examination'!$A:$Z,2,FALSE) -> 24.75
A600: Id599 | B600: Pontes, | C600: 30.115 | D600: 10.12 | E600: No | F600: No | G600: No | H600: 1 | I600: No | J600: =IF(C600<18.5,"Under Weight",IF(C600<25,"Normal Weight",IF(C600<30,"Over weight","Obesity"))) -> Obesity | K600: =IF(D600<5.7,"Normal",IF(D600<6.5,"Prediabetes","Diabetes")) -> Diabetes | L600: 6 | M600: Jun | N600: 2004 | O600: =DATE(N600,MONTH(1&M600),L600) -> 38144 | P600: 5198.69 | Q600: tier - 2 | R600: tier - 2 | S600: R1022 | T600: =YEAR(TODAY())-YEAR(O600) -> 22 | U600: =VLOOKUP($A600,'Medical Examination'!$A:$Z,2,FALSE) -> 30.115
... A721: Id720 | B721: Fouquet, | C721: 50.46 | D721: 4.56 | E721: No | F721: No | G721: No | H721: 0 | I721: No | J721: =IF(C721<18.5,"Under Weight",IF(C721<25,"Normal Weight",IF(C721<30,"Over weight","Obesity"))) -> Obesity | K721: =IF(D721<5.7,"Normal",IF(D721<6.5,"Prediabetes","Diabetes")) -> Normal | L721: 12 | M721: Dec | N721: 1976 | O721: =DATE(N721,MONTH(1&M721),L721) -> 28106 | P721: 6139.14 | Q721: tier - 2 | R721: tier - 3 | S721: R1013 | T721: =YEAR(TODAY())-YEAR(O721) -> 50 | U721: =VLOOKUP($A721,'Medical Examination'!$A:$Z,2,FALSE) -> 50.46
A722: Id721 | B722: McPhillips, | C722: 31.73 | D722: Yes | E722: No | F722: No | G722: No | H722: 0 | I722: No | J722: =IF(C722<18.5,"Under Weight",IF(C722<25,"Normal Weight",IF(C722<30,"Over weight","Obesity"))) -> Obesity | K722: =IF(D722<5.7,"Normal",IF(D722<6.5,"Prediabetes","Diabetes")) -> Diabetes | L722: 14 | M722: Oct | N722: 1970 | O722: =DATE(N722,MONTH(1&M722),L722) -> 25855 | P722: 6147.12 | Q722: tier - 2 | R722: tier - 3 | S722: R1012 | T722: =YEAR(TODAY())-YEAR(O722) -> 56 | U722: =VLOOKUP($A722,'Medical Examination'!$A:$Z,2,FALSE) -> 31.73
A723: Id722 | B723: Burgin, | C723: 32.1 | D723: 6.57 | E723: Yes | F723: No | G723: Yes | H723: 1 | I723: No | J723: =IF(C723<18.5,"Under Weight",IF(C723<25,"Normal Weight",IF(C723<30,"Over weight","Obesity"))) -> Obesity | K723: =IF(D723<5.7,"Normal",IF(D723<6.5,"Prediabetes","Diabetes")) -> Diabetes | L723: 6 | M723: Nov | N723: 1973 | O723: =DATE(N723,MONTH(1&M723),L723) -> 26974 | P723: 6152.05 | Q723: tier - 2 | R723: tier - 3 | S723: R1013 | T723: =YEAR(TODAY())-YEAR(O723) -> 53 | U723: =VLOOKUP($A723,'Medical Examination'!$A:$Z,2,FALSE) -> 32.1
A724: Id723 | B724: Roberts, | C724: 27.83 | D724: 11.61 | E724: Yes | F724: No | G724: Yes | H724: 1 | I724: No | J724: =IF(C724<18.5,"Under Weight",IF(C724<25,"Normal Weight",IF(C724<30,"Over weight","Obesity"))) -> Over weight | K724: =IF(D724<5.7,"Normal",IF(D724<6.5,"Prediabetes","Diabetes")) -> Diabetes | L724: 15 | M724: Oct | N724: 1985 | O724: =DATE(N724,MONTH(1&M724),L724) -> 31335 | P724: 6159.57 | Q724: tier - 2 | R724: tier - 1 | S724: R1012 | T724: =YEAR(TODAY())-YEAR(O724) -> 41 | U724: =VLOOKUP($A724,'Medical Examination'!$A:$Z,2,FALSE) -> 27.83
A725: Id724 | B725: Nemec, | C725: 27.72 | D725: 8.16 | E725: Yes | F725: No | G725: Yes | H725: 1 | I725: No | J725: =IF(C725<18.5,"Under Weight",IF(C725<25,"Normal Weight",IF(C725<30,"Over weight","Obesity"))) -> Over weight | K725: =IF(D725<5.7,"Normal",IF(D725<6.5,"Prediabetes","Diabetes")) -> Diabetes | L725: 6 | M725: Oct | N725: 1984 | O725: =DATE(N725,MONTH(1&M725),L725) -> 30961 | P725: 6170.96 | Q725: tier - 2 | R725: tier - 1 | S725: R1013 | T725: =YEAR(TODAY())-YEAR(O725) -> 42 | U725: =VLOOKUP($A725,'Medical Examination'!$A:$Z,2,FALSE) -> 27.72
A726: Id725 | B726: Appman, | C726: 36.765 | D726: 4.48 | E726: Yes | F726: No | G726: No | H726: 1 | I726: No | J726: =IF(C726<18.5,"Under Weight",IF(C726<25,"Normal Weight",IF(C726<30,"Over weight","Obesity"))) -> Obesity | K726: =IF(D726<5.7,"Normal",IF(D726<6.5,"Prediabetes","Diabetes")) -> Normal | L726: 9 | M726: Aug | N726: 1985 | O726: =DATE(N726,MONTH(1&M726),L726) -> 31268 | P726: 6183.32 | Q726: tier - 2 | R726: tier - 2 | S726: R1012 | T726: =YEAR(TODAY())-YEAR(O726) -> 41 | U726: =VLOOKUP($A726,'Medical Examination'!$A:$Z,2,FALSE) -> 36.765
A727: Id726 | B727: Driscoll, | C727: 48.36 | D727: 4.08 | E727: No | F727: No | G727: No | H727: 0 | I727: No | J727: =IF(C727<18.5,"Under Weight",IF(C727<25,"Normal Weight",IF(C727<30,"Over weight","Obesity"))) -> Obesity | K727: =IF(D727<5.7,"Normal",IF(D727<6.5,"Prediabetes","Diabetes")) -> Normal | L727: 5 | M727: Oct | N727: 1970 | O727: =DATE(N727,MONTH(1&M727),L727) -> 25846 | P727: 6183.46 | Q727: tier - 2 | R727: tier - 2 | S727: R1012 | T727: =YEAR(TODAY())-YEAR(O727) -> 56 | U727: =VLOOKUP($A727,'Medical Examination'!$A:$Z,2,FALSE) -> 48.36
A728: Id727 | B728: Glotzbach, | C728: 31.445 | D728: 4.4 | E728: Yes | F728: No | G728: No | H728: 1 | I728: No | J728: =IF(C728<18.5,"Under Weight",IF(C728<25,"Normal Weight",IF(C728<30,"Over weight","Obesity"))) -> Obesity | K728: =IF(D728<5.7,"Normal",IF(D728<6.5,"Prediabetes","Diabetes")) -> Normal | L728: 1 | M728: Nov | N728: 1988 | O728: =DATE(N728,MONTH(1&M728),L728) -> 32448 | P728: 6184.3 | Q728: tier - 2 | R728: tier - 3 | S728: R1013 | T728: =YEAR(TODAY())-YEAR(O728) -> 38 | U728: =VLOOKUP($A728,'Medical Examination'!$A:$Z,2,FALSE) -> 31.445
A729: Id728 | B729: Tenforde, | C729: 27.55 | D729: 9.02 | E729: No | F729: No | G729: No | H729: 0 | I729: No | J729: =IF(C729<18.5,"Under Weight",IF(C729<25,"Normal Weight",IF(C729<30,"Over weight","Obesity"))) -> Over weight | K729: =IF(D729<5.7,"Normal",IF(D729<6.5,"Prediabetes","Diabetes")) -> Diabetes | L729: 22 | M729: Nov | N729: 1981 | O729: =DATE(N729,MONTH(1&M729),L729) -> 29912 | P729: 6185.32 | Q729: tier - 2 | R729: tier - 1 | S729: R1013 | T729: =YEAR(TODAY())-YEAR(O729) -> 45 | U729: =VLOOKUP($A729,'Medical Examination'!$A:$Z,2,FALSE) -> 27.55
A730: Id729 | B730: Ramirez, | C730: 33.11 | D730: 8.06 | E730: No | F730: No | G730: No | H730: 0 | I730: No | J730: =IF(C730<18.5,"Under Weight",IF(C730<25,"Normal Weight",IF(C730<30,"Over weight","Obesity"))) -> Obesity | K730: =IF(D730<5.7,"Normal",IF(D730<6.5,"Prediabetes","Diabetes")) -> Diabetes | L730: 1 | M730: Oct | N730: 1981 | O730: =DATE(N730,MONTH(1&M730),L730) -> 29860 | P730: 6186.13 | Q730: tier - 2 | R730: tier - 3 | S730: R1011 | T730: =YEAR(TODAY())-YEAR(O730) -> 45 | U730: =VLOOKUP($A730,'Medical Examination'!$A:$Z,2,FALSE) -> 33.11
A731: Id730 | B731: Stanley | C731: 36.85 | D731: 6.21 | E731: Yes | F731: No | G731: No | H731: 1 | I731: No | J731: =IF(C731<18.5,"Under Weight",IF(C731<25,"Normal Weight",IF(C731<30,"Over weight","Obesity"))) -> Obesity | K731: =IF(D731<5.7,"Normal",IF(D731<6.5,"Prediabetes","Diabetes")) -> Prediabetes | L731: 23 | M731: Oct | N731: 1988 | O731: =DATE(N731,MONTH(1&M731),L731) -> 32439 | P731: 6196.45 | Q731: tier - 2 | R731: tier - 1 | S731: R1011 | T731: =YEAR(TODAY())-YEAR(O731) -> 38 | U731: =VLOOKUP($A731,'Medical Examination'!$A:$Z,2,FALSE) -> 36.85
A732: Id731 | B732: Vandongen, | C732: 36.3 | D732: 5.79 | E732: Yes | F732: No | G732: No | H732: 1 | I732: No | J732: =IF(C732<18.5,"Under Weight",IF(C732<25,"Normal Weight",IF(C732<30,"Over weight","Obesity"))) -> Obesity | K732: =IF(D732<5.7,"Normal",IF(D732<6.5,"Prediabetes","Diabetes")) -> Prediabetes | L732: 22 | M732: Jul | N732: 1985 | O732: =DATE(N732,MONTH(1&M732),L732) -> 31250 | P732: 6198.75 | Q732: tier - 2 | R732: tier - 1 | S732: R1012 | T732: =YEAR(TODAY())-YEAR(O732) -> 41 | U732: =VLOOKUP($A732,'Medical Examination'!$A:$Z,2,FALSE) -> 36.3
A733: Id732 | B733: Liebald, | C733: 45.34 | D733: 5.69 | E733: Yes | F733: No | G733: No | H733: 0 | I733: No | J733: =IF(C733<18.5,"Under Weight",IF(C733<25,"Normal Weight",IF(C733<30,"Over weight","Obesity"))) -> Obesity | K733: =IF(D733<5.7,"Normal",IF(D733<6.5,"Prediabetes","Diabetes")) -> Normal | L733: 20 | M733: Dec | N733: 1985 | O733: =DATE(N733,MONTH(1&M733),L733) -> 31401 | P733: 6203.9 | Q733: tier - 1 | R733: tier - 2 | S733: R1012 | T733: =YEAR(TODAY())-YEAR(O733) -> 41 | U733: =VLOOKUP($A733,'Medical Examination'!$A:$Z,2,FALSE) -> 45.34
A734: Id733 | B734: Holte, | C734: 31.8 | D734: 5.36 | E734: Yes | F734: No | G734: No | H734: 1 | I734: No | J734: =IF(C734<18.5,"Under Weight",IF(C734<25,"Normal Weight",IF(C734<30,"Over weight","Obesity"))) -> Obesity | K734: =IF(D734<5.7,"Normal",IF(D734<6.5,"Prediabetes","Diabetes")) -> Normal | L734: 22 | M734: Sep | N734: 1985 | O734: =DATE(N734,MONTH(1&M734),L734) -> 31312 | P734: 6203.9 | Q734: tier - 2 | R734: tier - 2 | S734: R1012 | T734: =YEAR(TODAY())-YEAR(O734) -> 41 | U734: =VLOOKUP($A734,'Medical Examination'!$A:$Z,2,FALSE) -> 31.8
... A806: Id805 | B806: Hebert, | C806: 37.12 | D806: 5.29 | E806: No | F806: No | G806: No | H806: 1 | I806: No | J806: =IF(C806<18.5,"Under Weight",IF(C806<25,"Normal Weight",IF(C806<30,"Over weight","Obesity"))) -> Obesity | K806: =IF(D806<5.7,"Normal",IF(D806<6.5,"Prediabetes","Diabetes")) -> Normal | L806: 27 | M806: Sep | N806: 1982 | O806: =DATE(N806,MONTH(1&M806),L806) -> 30221 | P806: 6664.32 | Q806: tier - 2 | R806: tier - 2 | S806: R1013 | T806: =YEAR(TODAY())-YEAR(O806) -> 44 | U806: =VLOOKUP($A806,'Medical Examination'!$A:$Z,2,FALSE) -> 37.12
A807: Id806 | B807: Fair, | C807: 34.84 | D807: Yes | E807: Yes | F807: No | G807: Yes | H807: 1 | I807: No | J807: =IF(C807<18.5,"Under Weight",IF(C807<25,"Normal Weight",IF(C807<30,"Over weight","Obesity"))) -> Obesity | K807: =IF(D807<5.7,"Normal",IF(D807<6.5,"Prediabetes","Diabetes")) -> Diabetes | L807: 17 | M807: Sep | N807: 1981 | O807: =DATE(N807,MONTH(1&M807),L807) -> 29846 | P807: 6664.69 | Q807: tier - 3 | R807: tier - 1 | S807: R1012 | T807: =YEAR(TODAY())-YEAR(O807) -> 45 | U807: =VLOOKUP($A807,'Medical Examination'!$A:$Z,2,FALSE) -> 34.84
A808: Id807 | B808: Swenson, | C808: 29.53 | D808: 10.64 | E808: No | F808: No | G808: No | H808: 0 | I808: No | J808: =IF(C808<18.5,"Under Weight",IF(C808<25,"Normal Weight",IF(C808<30,"Over weight","Obesity"))) -> Over weight | K808: =IF(D808<5.7,"Normal",IF(D808<6.5,"Prediabetes","Diabetes")) -> Diabetes | L808: 20 | M808: Oct | N808: 1989 | O808: =DATE(N808,MONTH(1&M808),L808) -> 32801 | P808: 6666.24 | Q808: tier - 3 | R808: tier - 1 | S808: R1011 | T808: =YEAR(TODAY())-YEAR(O808) -> 37 | U808: =VLOOKUP($A808,'Medical Examination'!$A:$Z,2,FALSE) -> 29.53
A809: Id808 | B809: Revenis, | C809: 42.51 | D809: 8.21 | E809: Yes | F809: No | G809: No | H809: 0 | I809: No | J809: =IF(C809<18.5,"Under Weight",IF(C809<25,"Normal Weight",IF(C809<30,"Over weight","Obesity"))) -> Obesity | K809: =IF(D809<5.7,"Normal",IF(D809<6.5,"Prediabetes","Diabetes")) -> Diabetes | L809: 9 | M809: Jul | N809: 1985 | O809: =DATE(N809,MONTH(1&M809),L809) -> 31237 | P809: 6686.43 | Q809: tier - 2 | R809: tier - 3 | S809: R1012 | T809: =YEAR(TODAY())-YEAR(O809) -> 41 | U809: =VLOOKUP($A809,'Medical Examination'!$A:$Z,2,FALSE) -> 42.51
A810: Id809 | B810: Engnes, | C810: 38.14 | D810: 5.58 | E810: No | F810: No | G810: Yes | H810: 1 | I810: No | J810: =IF(C810<18.5,"Under Weight",IF(C810<25,"Normal Weight",IF(C810<30,"Over weight","Obesity"))) -> Obesity | K810: =IF(D810<5.7,"Normal",IF(D810<6.5,"Prediabetes","Diabetes")) -> Normal | L810: 13 | M810: Jul | N810: 1968 | O810: =DATE(N810,MONTH(1&M810),L810) -> 25032 | P810: 6700.56 | Q810: tier - 3 | R810: tier - 1 | S810: R1012 | T810: =YEAR(TODAY())-YEAR(O810) -> 58 | U810: =VLOOKUP($A810,'Medical Examination'!$A:$Z,2,FALSE) -> 38.14
A811: Id810 | B811: Wiltse, | C811: 39.93 | D811: 8.75 | E811: No | F811: No | G811: No | H811: 0 | I811: No | J811: =IF(C811<18.5,"Under Weight",IF(C811<25,"Normal Weight",IF(C811<30,"Over weight","Obesity"))) -> Obesity | K811: =IF(D811<5.7,"Normal",IF(D811<6.5,"Prediabetes","Diabetes")) -> Diabetes | L811: 12 | M811: Dec | N811: 1971 | O811: =DATE(N811,MONTH(1&M811),L811) -> 26279 | P811: 6706.47 | Q811: tier - 2 | R811: tier - 1 | S811: R1013 | T811: =YEAR(TODAY())-YEAR(O811) -> 55 | U811: =VLOOKUP($A811,'Medical Examination'!$A:$Z,2,FALSE) -> 39.93
A812: Id811 | B812: Fernandez, | C812: 38.83 | D812: 11.86 | E812: No | F812: No | G812: No | H812: 0 | I812: No | J812: =IF(C812<18.5,"Under Weight",IF(C812<25,"Normal Weight",IF(C812<30,"Over weight","Obesity"))) -> Obesity | K812: =IF(D812<5.7,"Normal",IF(D812<6.5,"Prediabetes","Diabetes")) -> Diabetes | L812: 12 | M812: Jun | N812: 1983 | O812: =DATE(N812,MONTH(1&M812),L812) -> 30479 | P812: 6710.19 | Q812: tier - 3 | R812: tier - 3 | S812: R1012 | T812: =YEAR(TODAY())-YEAR(O812) -> 43 | U812: =VLOOKUP($A812,'Medical Examination'!$A:$Z,2,FALSE) -> 38.83
A813: Id812 | B813: Edwards, | C813: 37.4 | D813: 11.46 | E813: No | F813: No | G813: No | H813: 0 | I813: No | J813: =IF(C813<18.5,"Under Weight",IF(C813<25,"Normal Weight",IF(C813<30,"Over weight","Obesity"))) -> Obesity | K813: =IF(D813<5.7,"Normal",IF(D813<6.5,"Prediabetes","Diabetes")) -> Diabetes | L813: 13 | M813: Jun | N813: 1994 | O813: =DATE(N813,MONTH(1&M813),L813) -> 34498 | P813: 6721.37 | Q813: tier - 2 | R813: tier - 1 | S813: R1012 | T813: =YEAR(TODAY())-YEAR(O813) -> 32 | U813: =VLOOKUP($A813,'Medical Examination'!$A:$Z,2,FALSE) -> 37.4
A814: Id813 | B814: Pinney, | C814: 21.4 | D814: 9.03 | E814: No | F814: No | G814: No | H814: 0 | I814: No | J814: =IF(C814<18.5,"Under Weight",IF(C814<25,"Normal Weight",IF(C814<30,"Over weight","Obesity"))) -> Normal Weight | K814: =IF(D814<5.7,"Normal",IF(D814<6.5,"Prediabetes","Diabetes")) -> Diabetes | L814: 21 | M814: Oct | N814: 1978 | O814: =DATE(N814,MONTH(1&M814),L814) -> 28784 | P814: 6737.98 | Q814: tier - 2 | R814: tier - 3 | S814: R1013 | T814: =YEAR(TODAY())-YEAR(O814) -> 48 | U814: =VLOOKUP($A814,'Medical Examination'!$A:$Z,2,FALSE) -> 21.4
A815: Id814 | B815: Levy, | C815: 38.38 | D815: 8.26 | E815: Yes | F815: No | G815: No | H815: 1 | I815: No | J815: =IF(C815<18.5,"Under Weight",IF(C815<25,"Normal Weight",IF(C815<30,"Over weight","Obesity"))) -> Obesity | K815: =IF(D815<5.7,"Normal",IF(D815<6.5,"Prediabetes","Diabetes")) -> Diabetes | L815: 18 | M815: Jul | N815: 1968 | O815: =DATE(N815,MONTH(1&M815),L815) -> 25037 | P815: 6738.84 | Q815: tier - 3 | R815: tier - 1 | S815: R1012 | T815: =YEAR(TODAY())-YEAR(O815) -> 58 | U815: =VLOOKUP($A815,'Medical Examination'!$A:$Z,2,FALSE) -> 38.38
A816: Id815 | B816: Takeda, | C816: 33.66 | D816: 5.42 | E816: Yes | F816: No | G816: No | H816: 1 | I816: No | J816: =IF(C816<18.5,"Under Weight",IF(C816<25,"Normal Weight",IF(C816<30,"Over weight","Obesity"))) -> Obesity | K816: =IF(D816<5.7,"Normal",IF(D816<6.5,"Prediabetes","Diabetes")) -> Normal | L816: 7 | M816: Aug | N816: 1986 | O816: =DATE(N816,MONTH(1&M816),L816) -> 31631 | P816: 6746.74 | Q816: tier - 3 | R816: tier - 2 | S816: R1016 | T816: =YEAR(TODAY())-YEAR(O816) -> 40 | U816: =VLOOKUP($A816,'Medical Examination'!$A:$Z,2,FALSE) -> 33.66
A817: Id816 | B817: Burke, | C817: 31.79 | D817: 11.33 | E817: Yes | F817: No | G817: Yes | H817: 1 | I817: No | J817: =IF(C817<18.5,"Under Weight",IF(C817<25,"Normal Weight",IF(C817<30,"Over weight","Obesity"))) -> Obesity | K817: =IF(D817<5.7,"Normal",IF(D817<6.5,"Prediabetes","Diabetes")) -> Diabetes | L817: 5 | M817: Jun | N817: 1986 | O817: =DATE(N817,MONTH(1&M817),L817) -> 31568 | P817: 6748.59 | Q817: tier - 3 | R817: tier - 1 | S817: R1016 | T817: =YEAR(TODAY())-YEAR(O817) -> 40 | U817: =VLOOKUP($A817,'Medical Examination'!$A:$Z,2,FALSE) -> 31.79
A818: Id817 | B818: Duarte, | C818: 29.7 | D818: 7.69 | E818: Yes | F818: No | G818: Yes | H818: 1 | I818: No | J818: =IF(C818<18.5,"Under Weight",IF(C818<25,"Normal Weight",IF(C818<30,"Over weight","Obesity"))) -> Over weight | K818: =IF(D818<5.7,"Normal",IF(D818<6.5,"Prediabetes","Diabetes")) -> Diabetes | L818: 17 | M818: Jun | N818: 1970 | O818: =DATE(N818,MONTH(1&M818),L818) -> 25736 | P818: 6749.63 | Q818: tier - 2 | R818: tier - 1 | S818: R1013 | T818: =YEAR(TODAY())-YEAR(O818) -> 56 | U818: =VLOOKUP($A818,'Medical Examination'!$A:$Z,2,FALSE) -> 29.7
A819: Id818 | B819: Clark, | C819: 25.46 | D819: 8.77 | E819: Yes | F819: No | G819: Yes | H819: 1 | I819: No | J819: =IF(C819<18.5,"Under Weight",IF(C819<25,"Normal Weight",IF(C819<30,"Over weight","Obesity"))) -> Over weight | K819: =IF(D819<5.7,"Normal",IF(D819<6.5,"Prediabetes","Diabetes")) -> Diabetes | L819: 9 | M819: Dec | N819: 1966 | O819: =DATE(N819,MONTH(1&M819),L819) -> 24450 | P819: 6750.27 | Q819: tier - 3 | R819: tier - 2 | S819: R1013 | T819: =YEAR(TODAY())-YEAR(O819) -> 60 | U819: =VLOOKUP($A819,'Medical Examination'!$A:$Z,2,FALSE) -> 25.46
... A1050: Id1049 | B1050: Hempel, | C1050: 30.5 | D1050: 11.94 | E1050: Yes | F1050: No | G1050: No | H1050: 0 | I1050: No | J1050: =IF(C1050<18.5,"Under Weight",IF(C1050<25,"Normal Weight",IF(C1050<30,"Over weight","Obesity"))) -> Obesity | K1050: =IF(D1050<5.7,"Normal",IF(D1050<6.5,"Prediabetes","Diabetes")) -> Diabetes | L1050: 26 | M1050: Jul | N1050: 1977 | O1050: =DATE(N1050,MONTH(1&M1050),L1050) -> 28332 | P1050: 8527.53 | Q1050: tier - 2 | R1050: tier - 2 | S1050: R1013 | T1050: =YEAR(TODAY())-YEAR(O1050) -> 49 | U1050: =VLOOKUP($A1050,'Medical Examination'!$A:$Z,2,FALSE) -> 30.5
A1051: Id1050 | B1051: McBroom, | C1051: 28.16 | D1051: 5.56 | E1051: No | F1051: No | G1051: No | H1051: 1 | I1051: No | J1051: =IF(C1051<18.5,"Under Weight",IF(C1051<25,"Normal Weight",IF(C1051<30,"Over weight","Obesity"))) -> Over weight | K1051: =IF(D1051<5.7,"Normal",IF(D1051<6.5,"Prediabetes","Diabetes")) -> Normal | L1051: 24 | M1051: Jul | N1051: ? | O1051: =DATE(N1051,MONTH(1&M1051),L1051) -> #VALUE! | P1051: 8534.67 | Q1051: tier - 2 | R1051: tier - 3 | S1051: R1024 | T1051: =YEAR(TODAY())-YEAR(O1051) -> #VALUE! | U1051: =VLOOKUP($A1051,'Medical Examination'!$A:$Z,2,FALSE) -> 28.16
A1052: Id1051 | B1052: Yoo, | C1052: 29.1 | D1052: 5.64 | E1052: Yes | F1052: No | G1052: No | H1052: 0 | I1052: No | J1052: =IF(C1052<18.5,"Under Weight",IF(C1052<25,"Normal Weight",IF(C1052<30,"Over weight","Obesity"))) -> Over weight | K1052: =IF(D1052<5.7,"Normal",IF(D1052<6.5,"Prediabetes","Diabetes")) -> Normal | L1052: 27 | M1052: Dec | N1052: 1981 | O1052: =DATE(N1052,MONTH(1&M1052),L1052) -> 29947 | P1052: 8538.29 | Q1052: tier - 2 | R1052: tier - 3 | S1052: R1024 | T1052: =YEAR(TODAY())-YEAR(O1052) -> 45 | U1052: =VLOOKUP($A1052,'Medical Examination'!$A:$Z,2,FALSE) -> 29.1
...

Sheet Analysis pie and donut
B3: Column Labels
B4: No | D4: Yes | F4: Total Average of HBA1C | G4: Total Sum of NumberOfMajorSurgeries
A5: Row Labels | B5: Average of HBA1C | C5: Sum of NumberOfMajorSurgeries | D5: Average of HBA1C | E5: Sum of NumberOfMajorSurgeries
A6: No | B6: 6.8799553 | C6: 726 | D6: 5.7391688 | E6: 391 | F6: 6.6778371 | G6: 1117
A7: No | B7: 6.8636074 | C7: 564 | D7: 5.7818272 | E7: 307 | F7: 6.6734112 | G7: 871
A8: Yes | B8: 6.9411406 | C8: 162 | D8: 5.5863095 | E8: 84 | F8: 6.6942733 | G8: 246
A9: yes | B9: 5.181958 | C9: 144 | F9: 5.181958 | G9: 144
A10: No | B10: 5.2091453 | C10: 118 | F10: 5.2091453 | G10: 118
A11: Yes | B11: 5.0596154 | C11: 26 | F11: 5.0596154 | G11: 26
A12: Grand Total | B12: 6.7542103 | C12: 870 | D12: 5.7391688 | E12: 391 | F12: 6.585475 | G12: 1261

Sheet Column and Bar chart
B3: Column Labels
B4: No | F4: Yes | J4: Total Count of HBA1C | K4: Total Average of HBA1C | L4: Total Sum of NumberOfMajorSurgeries2 | M4: Total Sum of NumberOfMajorSurgeries
A5: Row Labels | B5: Count of HBA1C | C5: Average of HBA1C | D5: Sum of NumberOfMajorSurgeries2 | E5: Sum of NumberOfMajorSurgeries | F5: Count of HBA1C | G5: Average of HBA1C | H5: Sum of NumberOfMajorSurgeries2 | I5: Sum of NumberOfMajorSurgeries
A6: No | B6: 1800 | C6: 6.8799553 | D6: 726 | E6: 726 | F6: 391 | G6: 5.7391688 | H6: 391 | I6: 391 | J6: 2191 | K6: 6.6778371 | L6: 1117 | M6: 1117
A7: yes | B7: 144 | C7: 5.181958 | D7: 144 | E7: 144 | J7: 144 | K7: 5.181958 | L7: 144 | M7: 144
A8: Grand Total | B8: 1944 | C8: 6.7542103 | D8: 870 | E8: 870 | F8: 391 | G8: 5.7391688 | H8: 391 | I8: 391 | J8: 2335 | K8: 6.585475 | L8: 1261 | M8: 1261

Sheet Weight and Diabetes
A3: Average of charges | B3: Column Labels
A4: Row Labels | B4: Diabetes | C4: Normal | D4: Prediabetes | E4: Grand Total
A5: Normal Weight | B5: 11718.429 | C5: 20473.459 | D5: 18727.774 | E5: 17284.97
A6: Obesity | B6: 7265.8143 | C6: 12283.886 | D6: 12070.354 | E6: 10483.967
A7: Over weight | B7: 9369.4914 | C7: 15322.339 | D7: 16497.218 | E7: 13662.615
A8: Under Weight | B8: 17912.901 | C8: 26863.078 | D8: 25824.313 | E8: 23386.455
A9: Grand Total | B9: 9358.0057 | C9: 15640.05 | D9: 15203.578 | E9: 13411.324

Sheet Age vs BMI
